ID,Name,Link,Scrape_status,Guest_num,Bed_num,Bath_num,Location,Utility_num,Rating_title,Rating_num,Rating_star,Host_name,Host_title,Host_rating_star,Host_rating_num,Host_exp,Host_link,This_month_booked_rate,Next_1_month_booked_rate,Next_3_month_booked_rate
1,Room1B @ Kitsune. Một BR hiện đại ở trung tâm Sài Gòn,https://www.airbnb.com.vn/rooms/30267622?adults=2&search_mode=regular_search&check_in=2025-06-27&check_out=2025-06-29&children=0&infants=0&pets=0&source_impression_id=p3_1747738934_P3t3CGo9Bl_700YL&previous_page_section_name=1000&federated_search_id=4f25dfb4-bea0-4d33-ab35-641235309e89,Success,2,1,1,"10.79104,106.68707",30,Được khách yêu thích,255,4.89,Hà,Chủ nhà siêu cấp,4.89,1015,7 nam,https://www.airbnb.com.vn/users/show/66846313,40,22.58064516129032,38.04347826086957
2,Ban công bên ngoài nhà B 402,https://www.airbnb.com.vn/rooms/1176111050980920305?adults=2&search_mode=regular_search&check_in=2025-07-25&check_out=2025-07-27&children=0&infants=0&pets=0&source_impression_id=p3_1747738934_P3wmmC0LoPbW-sc0&previous_page_section_name=1000&federated_search_id=4f25dfb4-bea0-4d33-ab35-641235309e89,Success,2,1,1,"10.783,106.6877",34,Được khách yêu thích,57,4.98,BHouse,Chủ nhà siêu cấp,4.91,280,11 thang,https://www.airbnb.com.vn/users/show/451421745,73.33333333333333,74.19354838709677,43.47826086956522
3,Le Boulevard Apt-Beautiful 1BR-Walkable War Museum,https://www.airbnb.com.vn/rooms/44006835?adults=2&search_mode=regular_search&check_in=2025-06-13&check_out=2025-06-15&children=0&infants=0&pets=0&source_impression_id=p3_1747738934_P36gif4h3mFQlaEq&previous_page_section_name=1000&federated_search_id=4f25dfb4-bea0-4d33-ab35-641235309e89,Success,2,1,1,"10.78111,106.69195",34,Được khách yêu thích,77,4.79,"Shell, Alice, Tee, Lyn And Aris",Chủ nhà siêu cấp,4.64,5467,9 nam,https://www.airbnb.com.vn/users/show/60005629,60,16.129032258064516,6.521739130434782
4,Phòng 2-Beautiful Studio w Tầng thượng & ban công @ D3,https://www.airbnb.com.vn/rooms/24151308?adults=2&search_mode=regular_search&check_in=2025-07-11&check_out=2025-07-13&children=0&infants=0&pets=0&source_impression_id=p3_1747738934_P30InMkVWqUPi6XG&previous_page_section_name=1000&federated_search_id=4f25dfb4-bea0-4d33-ab35-641235309e89,Success,2,1,1,"10.7674,106.6791",40,Được khách yêu thích,212,4.97,Huy & Nhi,Chủ nhà siêu cấp,4.95,1024,7 nam,https://www.airbnb.com.vn/users/show/133184725,100,64.51612903225806,54.347826086956516
5,R5 - Hiện đại +Ấm cúng+Máy chiếu gần phố tây ba lô,https://www.airbnb.com.vn/rooms/39655954?adults=2&search_mode=regular_search&category_tag=Tag%3A8678&check_in=2025-06-13&check_out=2025-06-15&children=0&infants=0&pets=0&photo_id=1957793422&source_impression_id=p3_1747738934_P3tt_sevOnSvTLrj&previous_page_section_name=1000&federated_search_id=4f25dfb4-bea0-4d33-ab35-641235309e89,Success,,1,,"10.7666,106.6845",33,,287,4.74,Divyansh,Chủ nhà siêu cấp,4.79,836,6 nam,https://www.airbnb.com.vn/users/show/92779913,43.333333333333336,38.70967741935484,27.173913043478258
6,Căn hộ quận 1,https://www.airbnb.com.vn/rooms/1369520097297543756?adults=2&search_mode=regular_search&category_tag=Tag%3A8678&check_in=2025-06-13&check_out=2025-06-15&children=0&infants=0&pets=0&photo_id=2100889271&source_impression_id=p3_1747738934_P3K3gz7OOOZOQgbp&previous_page_section_name=1000&federated_search_id=4f25dfb4-bea0-4d33-ab35-641235309e89,Success,,1,,"10.7914,106.6962",31,,15,4.53,Hana,,4.71,48,3 thang,https://www.airbnb.com.vn/users/show/666975492,76.66666666666667,48.38709677419355,16.304347826086957
7,Nhận phòng 24/7 • Ban công • Trung tâm • Sân bay 15 phút,https://www.airbnb.com.vn/rooms/1184520019260677899?adults=2&search_mode=regular_search&category_tag=Tag%3A8678&check_in=2025-05-23&check_out=2025-05-25&children=0&infants=0&pets=0&photo_id=1962003440&source_impression_id=p3_1747738934_P3iCrbo-RG11NLTr&previous_page_section_name=1000&federated_search_id=4f25dfb4-bea0-4d33-ab35-641235309e89,Success,,1,,"10.787,106.6787",41,Được khách yêu thích,49,4.92,Vo Huynh Anh,Chủ nhà siêu cấp,4.94,181,10 thang,https://www.airbnb.com.vn/users/show/476476635,56.666666666666664,22.58064516129032,7.608695652173914
8,4.2 Khai trương Openning Studio 32m2 trung tâm Q3,https://www.airbnb.com.vn/rooms/1378067065782414276?adults=2&search_mode=regular_search&check_in=2025-09-26&check_out=2025-09-28&children=0&infants=0&pets=0&source_impression_id=p3_1747738934_P3S9pFzaTOyuGjpf&previous_page_section_name=1000&federated_search_id=4f25dfb4-bea0-4d33-ab35-641235309e89,Success,2,1,1,"10.773,106.6796",35,,,,Huỳnh Thị Ngọc,,5,1,2 thang,https://www.airbnb.com.vn/users/show/684552121,73.33333333333333,0,0
9,Phòng studio có đầy đủ tiện nghi,https://www.airbnb.com.vn/rooms/1333074006007559793?adults=2&search_mode=regular_search&category_tag=Tag%3A8678&check_in=2025-05-23&check_out=2025-05-25&children=0&infants=0&pets=0&photo_id=2098535697&source_impression_id=p3_1747738934_P3nSRPR5CXp6wOx-&previous_page_section_name=1000&federated_search_id=4f25dfb4-bea0-4d33-ab35-641235309e89,Success,,1,,"10.7902977,106.6781264",12,Được khách yêu thích,9,5,Thomas,Chủ nhà siêu cấp,5,9,4 thang,https://www.airbnb.com.vn/users/show/239681269,6.666666666666667,6.451612903225806,5.434782608695652
10,AustinHome#6_The Tiny Corner/Netflix,https://www.airbnb.com.vn/rooms/563395722592154027?adults=2&search_mode=regular_search&check_in=2025-06-06&check_out=2025-06-08&children=0&infants=0&pets=0&source_impression_id=p3_1747738934_P3gk-xQO50TURrk-&previous_page_section_name=1000&federated_search_id=4f25dfb4-bea0-4d33-ab35-641235309e89,Success,2,1,1,"10.76942,106.68465",39,Được khách yêu thích,118,4.9,Austin & Vanessa,Chủ nhà siêu cấp,4.95,1296,7 nam,https://www.airbnb.com.vn/users/show/126966244,30,22.58064516129032,10.869565217391305
11,A&VHome#2_Cuộc sống hiện đại (Không có thang máy),https://www.airbnb.com.vn/rooms/1181836124942202198?adults=2&search_mode=regular_search&category_tag=Tag%3A8678&check_in=2025-05-30&check_out=2025-06-01&children=0&infants=0&pets=0&photo_id=1934650007&source_impression_id=p3_1747738934_P3Ura0ub4rxm2br9&previous_page_section_name=1000&federated_search_id=4f25dfb4-bea0-4d33-ab35-641235309e89,Success,,1,,"10.78514,106.66922",43,Được khách yêu thích,27,5,Austin & Vanessa,Chủ nhà siêu cấp,4.95,1296,7 nam,https://www.airbnb.com.vn/users/show/126966244,40,29.03225806451613,13.043478260869565
12,Giảm 20% căn hộ ban công gần sân bay và trung tâm thành phố với phòng tập thể dục,https://www.airbnb.com.vn/rooms/1401807635559094558?adults=2&search_mode=regular_search&check_in=2025-09-26&check_out=2025-09-28&children=0&infants=0&pets=0&source_impression_id=p3_1747738934_P31SNRjKxnL_BtYU&previous_page_section_name=1000&federated_search_id=4f25dfb4-bea0-4d33-ab35-641235309e89,Success,3,1,2,"10.792,106.6804",51,,,,Annie,Chủ nhà siêu cấp,4.92,96,7 nam,https://www.airbnb.com.vn/users/show/55333590,70,100,93.47826086956522
13,"Quận 3 - Min space, max living - Giữa Sài Gòn -201",https://www.airbnb.com.vn/rooms/1164538808948700997?adults=2&search_mode=regular_search&category_tag=Tag%3A8678&check_in=2025-05-23&check_out=2025-05-25&children=0&infants=0&pets=0&photo_id=1917984653&source_impression_id=p3_1747738934_P3zicePEnpZLJ5ks&previous_page_section_name=1000&federated_search_id=4f25dfb4-bea0-4d33-ab35-641235309e89,Success,,1,,"10.78706,106.69323",36,Được khách yêu thích,17,4.88,Hoang,Chủ nhà siêu cấp,4.76,240,2 nam,https://www.airbnb.com.vn/users/show/430972425,80,3.225806451612903,1.0869565217391304
14,Đặc biệt Taibo House,https://www.airbnb.com.vn/rooms/1084113685930944761?adults=2&search_mode=regular_search&category_tag=Tag%3A8678&check_in=2025-06-13&check_out=2025-06-15&children=0&infants=0&pets=0&photo_id=1834736341&source_impression_id=p3_1747738934_P3cBFbknO7Shx5QX&previous_page_section_name=1000&federated_search_id=4f25dfb4-bea0-4d33-ab35-641235309e89,Success,,1,,"10.77153,106.69527",12,Được khách yêu thích,67,4.79,Tài,,4.68,254,1 nam,https://www.airbnb.com.vn/users/show/544961443,73.33333333333333,100,100
15,"Phòng 102, Chip Homestay & Studio",https://www.airbnb.com.vn/rooms/1346422009827625289?adults=2&search_mode=regular_search&check_in=2025-06-20&check_out=2025-06-22&children=0&infants=0&pets=0&source_impression_id=p3_1747738934_P3g6fjt12_LeJN1j&previous_page_section_name=1000&federated_search_id=4f25dfb4-bea0-4d33-ab35-641235309e89,Success,2,1,1,"10.77087,106.69226",36,Được khách yêu thích,17,4.88,Chip Homestay & Studio,Chủ nhà siêu cấp,4.81,84,4 thang,https://www.airbnb.com.vn/users/show/673691075,60,70.96774193548387,45.65217391304348
16,Phòng mới (1) tại khu trung tâm chợ Tân Định,https://www.airbnb.com.vn/rooms/829710097977768610?adults=2&search_mode=regular_search&check_in=2025-05-23&check_out=2025-05-25&children=0&infants=0&pets=0&source_impression_id=p3_1747738934_P3ZE7DDhesapB5Vz&previous_page_section_name=1000&federated_search_id=4f25dfb4-bea0-4d33-ab35-641235309e89,Success,2,1,1,"10.78881,106.691",34,Được khách yêu thích,27,4.85,Uyen,Chủ nhà siêu cấp,4.87,391,8 nam,https://www.airbnb.com.vn/users/show/102798571,33.33333333333333,0,0
17,"Quận 3 - Netflix, Bath lover - Chill giữa Sài Gòn",https://www.airbnb.com.vn/rooms/1157979547587612650?adults=2&search_mode=regular_search&category_tag=Tag%3A8678&check_in=2025-05-30&check_out=2025-06-01&children=0&infants=0&pets=0&photo_id=1917977318&source_impression_id=p3_1747738934_P3J8uDdnhvHrm2Qo&previous_page_section_name=1000&federated_search_id=4f25dfb4-bea0-4d33-ab35-641235309e89,Success,,,,"10.7861,106.6929",35,,55,4.78,Nana,Chủ nhà siêu cấp,4.88,184,2 nam,https://www.airbnb.com.vn/users/show/537266508,53.333333333333336,32.25806451612903,32.608695652173914
18,Một studio tuyệt vời với hai khu vườn riêng trên tầng thượng,https://www.airbnb.com.vn/rooms/31462391?adults=2&search_mode=regular_search&check_in=2025-06-27&check_out=2025-06-29&children=0&infants=0&pets=0&source_impression_id=p3_1747738934_P3OGs2OPUNcVMKcF&previous_page_section_name=1000&federated_search_id=4f25dfb4-bea0-4d33-ab35-641235309e89,Success,2,1,1,"10.79093,106.68178",32,Được khách yêu thích,116,4.84,Vinh Phuc,Chủ nhà siêu cấp,4.86,372,9 nam,https://www.airbnb.com.vn/users/show/69755428,70,19.35483870967742,48.91304347826087
19,"Căn hộ gần Bùi Viện, bệnh viện Bình Dân",https://www.airbnb.com.vn/rooms/1358376724427890963?adults=2&search_mode=regular_search&category_tag=Tag%3A8678&check_in=2025-07-25&check_out=2025-07-27&children=0&infants=0&pets=0&photo_id=2100862584&source_impression_id=p3_1747738979_P38QO1urbRrnpTch&previous_page_section_name=1000&federated_search_id=50bf1274-a92f-44ca-9fe2-6de5dd4eef34,Success,,1,,"10.7736953,106.6815359",43,,4,5,Moga Nest,Chủ nhà siêu cấp,4.89,38,2 thang,https://www.airbnb.com.vn/users/show/679277893,100,58.06451612903226,19.565217391304348
20,Căn hộ Le Boulevard - Hiện đại và có thể đi bộ đến Bảo tàng chiến tranh,https://www.airbnb.com.vn/rooms/43962775?adults=2&search_mode=regular_search&check_in=2025-06-06&check_out=2025-06-08&children=0&infants=0&pets=0&source_impression_id=p3_1747738979_P3PlXJvMfwIVB0Cj&previous_page_section_name=1000&federated_search_id=50bf1274-a92f-44ca-9fe2-6de5dd4eef34,Success,2,1,1,"10.78131,106.69383",30,Được khách yêu thích,45,4.82,"Shell, Alice, Tee, Lyn And Aris",Chủ nhà siêu cấp,4.64,5467,9 nam,https://www.airbnb.com.vn/users/show/60005629,43.333333333333336,12.903225806451612,4.3478260869565215
21,"102. Phòng ấm cúng với bancony, phòng tập thể dục miễn phí",https://www.airbnb.com.vn/rooms/1302605644185898839?adults=2&search_mode=regular_search&category_tag=Tag%3A8678&check_in=2025-05-30&check_out=2025-06-01&children=0&infants=0&pets=0&photo_id=2115772767&source_impression_id=p3_1747738979_P3X0Qg6fhmXI0Gor&previous_page_section_name=1000&federated_search_id=50bf1274-a92f-44ca-9fe2-6de5dd4eef34,Success,,1,,"10.792,106.6804",42,,3,5,Annie,Chủ nhà siêu cấp,4.92,96,7 nam,https://www.airbnb.com.vn/users/show/55333590,83.33333333333334,100,65.21739130434783
22,B House Inner 401,https://www.airbnb.com.vn/rooms/1180420489289053671?adults=2&search_mode=regular_search&check_in=2025-05-30&check_out=2025-06-01&children=0&infants=0&pets=0&source_impression_id=p3_1747738979_P3U2T6u0TwPv4XwM&previous_page_section_name=1000&federated_search_id=50bf1274-a92f-44ca-9fe2-6de5dd4eef34,Success,2,1,1,"10.783,106.6878",33,Được khách yêu thích,32,4.97,BHouse,Chủ nhà siêu cấp,4.91,280,11 thang,https://www.airbnb.com.vn/users/show/451421745,90,35.483870967741936,35.869565217391305
23,R2-Modern Cozy+SmartTV gần phố Tây ba lô,https://www.airbnb.com.vn/rooms/39474890?adults=2&search_mode=regular_search&category_tag=Tag%3A8678&check_in=2025-06-27&check_out=2025-06-29&children=0&infants=0&pets=0&photo_id=1945949052&source_impression_id=p3_1747738979_P3232gkiIg2peDOF&previous_page_section_name=1000&federated_search_id=50bf1274-a92f-44ca-9fe2-6de5dd4eef34,Success,,1,,"10.7666,106.6845",42,Được khách yêu thích,158,4.81,Divyansh,Chủ nhà siêu cấp,4.79,836,6 nam,https://www.airbnb.com.vn/users/show/92779913,76.66666666666667,48.38709677419355,29.347826086956523
24,Room3B @ Kitsune. Một BR hiện đại ở trung tâm Sài Gòn,https://www.airbnb.com.vn/rooms/30267928?adults=2&search_mode=regular_search&category_tag=Tag%3A8678&check_in=2025-06-20&check_out=2025-06-22&children=0&infants=0&pets=0&photo_id=1675688409&source_impression_id=p3_1747738979_P32vXemUvm9ARoqG&previous_page_section_name=1000&federated_search_id=50bf1274-a92f-44ca-9fe2-6de5dd4eef34,Success,,1,,"10.7906,106.6877",31,Được khách yêu thích,179,4.92,Hà,Chủ nhà siêu cấp,4.89,1015,7 nam,https://www.airbnb.com.vn/users/show/66846313,36.666666666666664,25.806451612903224,8.695652173913043
25,Phòng 5 phòng studio với mái nhà và ban công tuyệt đẹp,https://www.airbnb.com.vn/rooms/24151140?adults=2&search_mode=regular_search&category_tag=Tag%3A8678&check_in=2025-08-15&check_out=2025-08-17&children=0&infants=0&pets=0&photo_id=1379774513&source_impression_id=p3_1747738979_P32wiCvreaXnDLmT&previous_page_section_name=1000&federated_search_id=50bf1274-a92f-44ca-9fe2-6de5dd4eef34,Success,,1,,"10.7668,106.6788",41,Được khách yêu thích,201,4.93,Huy & Nhi,Chủ nhà siêu cấp,4.95,1024,7 nam,https://www.airbnb.com.vn/users/show/133184725,100,100,82.60869565
26,Căn hộ gần trung tâm TP HCM và Sân bay + Phòng tập thể dục miễn phí,https://www.airbnb.com.vn/rooms/1165771054973486034?adults=2&search_mode=regular_search&check_in=2025-06-13&check_out=2025-06-15&children=0&infants=0&pets=0&source_impression_id=p3_1747738979_P3espqLrf0hAKjFl&previous_page_section_name=1000&federated_search_id=50bf1274-a92f-44ca-9fe2-6de5dd4eef34,Success,3,1,1,"10.7919,106.6806",42,Được khách yêu thích,63,4.97,Annie,Chủ nhà siêu cấp,4.92,96,7 nam,https://www.airbnb.com.vn/users/show/55333590,80,35.483870967741936,33.69565217391305
27,Căn hộ dịch vụ ngay quận 1,https://www.airbnb.com.vn/rooms/1364503055472486650?adults=2&search_mode=regular_search&category_tag=Tag%3A8678&check_in=2025-06-13&check_out=2025-06-15&children=0&infants=0&pets=0&photo_id=2096378164&source_impression_id=p3_1747738979_P31ChehVKjjwNt9D&previous_page_section_name=1000&federated_search_id=50bf1274-a92f-44ca-9fe2-6de5dd4eef34,Success,,1,,"10.7914,106.6962",41,,21,4.81,Hana,,4.71,48,3 thang,https://www.airbnb.com.vn/users/show/666975492,66.66666666666666,70.96774193548387,23.91304347826087
28,Le Boulevard-Amazing 1BR Walking to War Museum,https://www.airbnb.com.vn/rooms/44006488?adults=2&search_mode=regular_search&check_in=2025-06-13&check_out=2025-06-15&children=0&infants=0&pets=0&source_impression_id=p3_1747738979_P3Ut4l50v5ZqHIql&previous_page_section_name=1000&federated_search_id=50bf1274-a92f-44ca-9fe2-6de5dd4eef34,Success,2,1,1,"10.78256,106.69184",34,Được khách yêu thích,88,4.75,"Shell, Alice, Tee, Lyn And Aris",Chủ nhà siêu cấp,4.64,5467,9 nam,https://www.airbnb.com.vn/users/show/60005629,66.66666666666666,0,0
29,Saigon Alley Home • nhận phòng 24/7 • Netflix,https://www.airbnb.com.vn/rooms/1196236879859747142?adults=2&search_mode=regular_search&category_tag=Tag%3A8678&check_in=2025-05-30&check_out=2025-06-01&children=0&infants=0&pets=0&photo_id=1969352455&source_impression_id=p3_1747738979_P3OvkcZh1mU_qwLD&previous_page_section_name=1000&federated_search_id=50bf1274-a92f-44ca-9fe2-6de5dd4eef34,Success,,1,,"10.787,106.6787",42,Được khách yêu thích,75,4.95,Vo Huynh Anh,Chủ nhà siêu cấp,4.94,181,10 thang,https://www.airbnb.com.vn/users/show/476476635,26.666666666666668,12.903225806451612,4.3478260869565215
30,Đặc biệt Taibo House,https://www.airbnb.com.vn/rooms/1084113685930944761?adults=2&search_mode=regular_search&category_tag=Tag%3A8678&check_in=2025-06-13&check_out=2025-06-15&children=0&infants=0&pets=0&photo_id=1834736341&source_impression_id=p3_1747738979_P3_G-NPoQLT6qWmm&previous_page_section_name=1000&federated_search_id=50bf1274-a92f-44ca-9fe2-6de5dd4eef34,Success,,1,,"10.77153,106.69527",12,Được khách yêu thích,67,4.79,Tài,,4.68,254,1 nam,https://www.airbnb.com.vn/users/show/544961443,73.33333333333333,100,100
31,AustinHome#3_The Elegance in small space/Netflix,https://www.airbnb.com.vn/rooms/559809628485332885?adults=2&search_mode=regular_search&category_tag=Tag%3A8678&check_in=2025-05-23&check_out=2025-05-25&children=0&infants=0&pets=0&photo_id=1479276484&source_impression_id=p3_1747738979_P3IBiPRo2MRhdywh&previous_page_section_name=1000&federated_search_id=50bf1274-a92f-44ca-9fe2-6de5dd4eef34,Success,,1,,"10.77123,106.68508",40,Được khách yêu thích,104,4.9,Austin & Vanessa,Chủ nhà siêu cấp,4.95,1296,7 nam,https://www.airbnb.com.vn/users/show/126966244,33.33333333333333,51.61290322580645,17.391304347826086
32,AustinHome#5_The Hideaway để thư giãn/Netflix,https://www.airbnb.com.vn/rooms/49743451?adults=2&search_mode=regular_search&category_tag=Tag%3A8678&check_in=2025-06-06&check_out=2025-06-08&children=0&infants=0&pets=0&photo_id=1738821046&source_impression_id=p3_1747738979_P3T0y4iAkhRNG2ml&previous_page_section_name=1000&federated_search_id=50bf1274-a92f-44ca-9fe2-6de5dd4eef34,Success,,1,,"10.77161,106.68324",40,Được khách yêu thích,120,4.93,Austin & Vanessa,Chủ nhà siêu cấp,4.95,1296,7 nam,https://www.airbnb.com.vn/users/show/126966244,53.333333333333336,48.38709677419355,28.26086956521739
33,A&VHome#1_Nghệ thuật sống (Không có thang máy),https://www.airbnb.com.vn/rooms/1146759334237360547?adults=2&search_mode=regular_search&category_tag=Tag%3A8678&check_in=2025-05-30&check_out=2025-06-01&children=0&infants=0&pets=0&photo_id=1942030235&source_impression_id=p3_1747738979_P36yOkmxtRWlzRS1&previous_page_section_name=1000&federated_search_id=50bf1274-a92f-44ca-9fe2-6de5dd4eef34,Success,,1,,"10.78508,106.66847",43,Được khách yêu thích,35,4.97,Austin & Vanessa,Chủ nhà siêu cấp,4.95,1296,7 nam,https://www.airbnb.com.vn/users/show/126966244,53.333333333333336,0,0
34,Studio ấm cúng cho 2 khách có thể đi bộ đến Chợ Bến Thành,https://www.airbnb.com.vn/rooms/996788108362101677?adults=2&search_mode=regular_search&check_in=2025-06-06&check_out=2025-06-08&children=0&infants=0&pets=0&source_impression_id=p3_1747738979_P3Vj1sftBO2UMYT3&previous_page_section_name=1000&federated_search_id=50bf1274-a92f-44ca-9fe2-6de5dd4eef34,Success,2,1,1,"10.77237,106.69063",33,Được khách yêu thích,122,4.81,Ben,Chủ nhà siêu cấp,4.62,10000,14 nam,https://www.airbnb.com.vn/users/show/1443279,46.666666666666664,38.70967741935484,25
35,"Quận 3 - Netflix, Balcony - Giữa lòng Sài Gòn -102",https://www.airbnb.com.vn/rooms/1166649495253458330?adults=2&search_mode=regular_search&check_in=2025-05-23&check_out=2025-05-25&children=0&infants=0&pets=0&source_impression_id=p3_1747738979_P32Ma1q8s6UDK8TF&previous_page_section_name=1000&federated_search_id=50bf1274-a92f-44ca-9fe2-6de5dd4eef34,Success,2,,1,"10.78631,106.69377",34,,40,4.7,Hoang,Chủ nhà siêu cấp,4.76,240,2 nam,https://www.airbnb.com.vn/users/show/430972425,23.333333333333332,0,0
36,Căn hộ ấm cúng Abode Retreat,https://www.airbnb.com.vn/rooms/866399455816813521?adults=2&search_mode=regular_search&check_in=2025-05-23&check_out=2025-05-25&children=0&infants=0&pets=0&source_impression_id=p3_1747738979_P3pvVD7DGBlHAiI4&previous_page_section_name=1000&federated_search_id=50bf1274-a92f-44ca-9fe2-6de5dd4eef34,Success,2,1,1,"10.7862,106.6925",46,,17,4.88,Tronibi,Chủ nhà siêu cấp,4.77,106,2 nam,https://www.airbnb.com.vn/users/show/507750176,6.666666666666667,9.677419355,3.260869565217391
37,Căn hộ ấm cúng Abode Retreat,https://www.airbnb.com.vn/rooms/866399455816813521?adults=2&search_mode=regular_search&check_in=2025-05-23&check_out=2025-05-25&children=0&infants=0&pets=0&source_impression_id=p3_1747739023_P3noTqWrelaUqkGk&previous_page_section_name=1000&federated_search_id=708a4f46-9323-415f-8b54-deb8cb9a0eeb,Success,2,1,1,"10.7862,106.6925",46,,17,4.88,Tronibi,Chủ nhà siêu cấp,4.77,106,2 nam,https://www.airbnb.com.vn/users/show/507750176,6.666666666666667,9.677419355,3.260869565217391
38,Phòng ấm cúng của Phòng thí nghiệm Thực vật học tại Tân Định của Circadian,https://www.airbnb.com.vn/rooms/32368715?adults=2&search_mode=regular_search&check_in=2025-06-27&check_out=2025-06-29&children=0&infants=0&pets=0&source_impression_id=p3_1747739023_P3zSKTtCpgxyBhrP&previous_page_section_name=1000&federated_search_id=708a4f46-9323-415f-8b54-deb8cb9a0eeb,Success,2,1,1,"10.79228,106.68611",45,,179,4.85,Circadian,Chủ nhà siêu cấp,4.88,7953,8 nam,https://www.airbnb.com.vn/users/show/122829979,46.666666666666664,9.677419355,7.608695652173914
39,"Phòng tiết kiệm 5, khu phố thân thiện - Quận 3",https://www.airbnb.com.vn/rooms/1332952174909875582?adults=2&search_mode=regular_search&category_tag=Tag%3A8678&check_in=2025-05-23&check_out=2025-05-25&children=0&infants=0&pets=0&photo_id=2130875501&source_impression_id=p3_1747739023_P3hE0qbF7c6F8-S9&previous_page_section_name=1000&federated_search_id=708a4f46-9323-415f-8b54-deb8cb9a0eeb,Success,,1,,"10.7874158,106.684294",33,,3,4.67,Nana House,,4.75,4,7 thang,https://www.airbnb.com.vn/users/show/656763089,100,0,0
40,"@R2 10 phút đi bộ IndependencePalace, FreeLaundry",https://www.airbnb.com.vn/rooms/1405494615501298532?adults=2&search_mode=regular_search&check_in=2025-05-23&check_out=2025-05-25&children=0&infants=0&pets=0&source_impression_id=p3_1747739023_P3Gz18-aLrLXPJ5n&previous_page_section_name=1000&federated_search_id=708a4f46-9323-415f-8b54-deb8cb9a0eeb,Success,2,1,1,"10.7713236,106.6864138",26,,2,,CR Concept,Chủ nhà siêu cấp,4.97,89,2 nam,https://www.airbnb.com.vn/users/show/536880559,23.333333333333332,0,33.69565217391305
41,Căn Phòng Ấm Cúng Riêng Tư Ở Giữa Lòng Sài Gòn,https://www.airbnb.com.vn/rooms/846670436138394963?adults=2&search_mode=regular_search&category_tag=Tag%3A8678&check_in=2025-05-30&check_out=2025-06-01&children=0&infants=0&pets=0&photo_id=1872764597&source_impression_id=p3_1747739023_P3e2gr0GhRpiXgIP&previous_page_section_name=1000&federated_search_id=708a4f46-9323-415f-8b54-deb8cb9a0eeb,Success,,1,,"10.78786,106.68516",42,Được khách yêu thích,49,4.92,Trang,Chủ nhà siêu cấp,4.82,342,2 nam,https://www.airbnb.com.vn/users/show/505290025,26.666666666666668,12.903225806451612,4.3478260869565215
42,ngôi nhà hoàn toàn mới: Hiện đại và ấm cúng,https://www.airbnb.com.vn/rooms/1310840829633054918?adults=2&search_mode=regular_search&category_tag=Tag%3A8678&check_in=2025-05-23&check_out=2025-05-25&children=0&infants=0&pets=0&photo_id=2054736696&source_impression_id=p3_1747739023_P3wWRLyIDyAAkrSm&previous_page_section_name=1000&federated_search_id=708a4f46-9323-415f-8b54-deb8cb9a0eeb,Success,,2,,"10.78988,106.68589",39,Được khách yêu thích,9,4.89,재호,Chủ nhà siêu cấp,4.96,28,5 thang,https://www.airbnb.com.vn/users/show/659200599,40,0,0
43,B House Inner 101,https://www.airbnb.com.vn/rooms/1235516888030126914?adults=2&search_mode=regular_search&category_tag=Tag%3A8678&check_in=2025-05-23&check_out=2025-05-25&children=0&infants=0&pets=0&photo_id=1985199435&source_impression_id=p3_1747739023_P3-Hdd0e9erMmqme&previous_page_section_name=1000&federated_search_id=708a4f46-9323-415f-8b54-deb8cb9a0eeb,Success,,1,,"10.78257,106.68818",35,Được khách yêu thích,29,4.93,BHouse,Chủ nhà siêu cấp,4.91,280,11 thang,https://www.airbnb.com.vn/users/show/451421745,43.333333333333336,3.225806451612903,4.3478260869565215
44,Room2B @ Kitsune Saigon ấn tượng tối giản BR hiện đại,https://www.airbnb.com.vn/rooms/30267829?adults=2&search_mode=regular_search&category_tag=Tag%3A8678&check_in=2025-07-11&check_out=2025-07-13&children=0&infants=0&pets=0&photo_id=1675682873&source_impression_id=p3_1747739023_P3To-PvfX289jWun&previous_page_section_name=1000&federated_search_id=708a4f46-9323-415f-8b54-deb8cb9a0eeb,Success,,1,,"10.79126,106.68808",31,Được khách yêu thích,143,4.88,Hà,Chủ nhà siêu cấp,4.89,1015,7 nam,https://www.airbnb.com.vn/users/show/66846313,100,29.03225806451613,23.91304347826087
45,Căn hộ Le Boulevard - Căn hộ 1 phòng ngủ yên bình cho du khách ở Quận 3,https://www.airbnb.com.vn/rooms/910500668139080795?adults=2&search_mode=regular_search&check_in=2025-06-06&check_out=2025-06-08&children=0&infants=0&pets=0&source_impression_id=p3_1747739023_P3u1xjN8q3kuB_R6&previous_page_section_name=1000&federated_search_id=708a4f46-9323-415f-8b54-deb8cb9a0eeb,Success,2,1,1,"10.78171,106.6938",33,Được khách yêu thích,60,4.75,"Shell, Alice, Tee, Lyn And Aris",Chủ nhà siêu cấp,4.64,5467,9 nam,https://www.airbnb.com.vn/users/show/60005629,93.33333333333333,12.903225806451612,4.3478260869565215
46,Nhận phòng 24/7 • Netflix • Saigon Alley Home,https://www.airbnb.com.vn/rooms/1196204240382251466?adults=2&search_mode=regular_search&category_tag=Tag%3A8678&check_in=2025-05-23&check_out=2025-05-25&children=0&infants=0&pets=0&photo_id=2002017725&source_impression_id=p3_1747739023_P3Q9T7IQN2JsQfaz&previous_page_section_name=1000&federated_search_id=708a4f46-9323-415f-8b54-deb8cb9a0eeb,Success,,1,,"10.787,106.6787",38,Được khách yêu thích,51,4.94,Vo Huynh Anh,Chủ nhà siêu cấp,4.94,181,10 thang,https://www.airbnb.com.vn/users/show/476476635,13.333333333333334,0,0
47,Tahug House 021 (thang máy),https://www.airbnb.com.vn/rooms/1418059956711068789?adults=2&search_mode=regular_search&category_tag=Tag%3A8678&check_in=2025-06-13&check_out=2025-06-15&children=0&infants=0&pets=0&photo_id=2175846405&source_impression_id=p3_1747739023_P3kXYWcSc68zRHjF&previous_page_section_name=1000&federated_search_id=708a4f46-9323-415f-8b54-deb8cb9a0eeb,Success,,1,,"10.7727,106.6963",12,,2,,Tài,,4.68,254,1 nam,https://www.airbnb.com.vn/users/show/544961443,43.333333333333336,0,0
48,LeeLai Studio 30m2 Trung tâm Quận 1,https://www.airbnb.com.vn/rooms/1404055431370787129?adults=2&search_mode=regular_search&check_in=2025-06-13&check_out=2025-06-15&children=0&infants=0&pets=0&source_impression_id=p3_1747739023_P3IxLLa7QOwPhS7A&previous_page_section_name=1000&federated_search_id=708a4f46-9323-415f-8b54-deb8cb9a0eeb,Success,3,1,1,"10.7693,106.6916",45,Được khách yêu thích,5,5,Tommy Nguyen,,4.8,148,8 nam,https://www.airbnb.com.vn/users/show/138866712,53.333333333333336,54.83870967741935,52.17391304347826
49,Studio hoàn toàn mới - đáng yêu cho du khách trong trái tim D1,https://www.airbnb.com.vn/rooms/1171355657077390300?adults=2&search_mode=regular_search&check_in=2025-06-13&check_out=2025-06-15&children=0&infants=0&pets=0&source_impression_id=p3_1747739023_P3jzn4qG1uyfHN_C&previous_page_section_name=1000&federated_search_id=708a4f46-9323-415f-8b54-deb8cb9a0eeb,Failed,,,,,,,,,,,,,,,,,
50,°o°,https://www.airbnb.com.vn/rooms/972838312309855510?adults=2&search_mode=regular_search&check_in=2025-06-13&check_out=2025-06-15&children=0&infants=0&pets=0&source_impression_id=p3_1747739023_P3BWY8tCWCmMkNW2&previous_page_section_name=1000&federated_search_id=708a4f46-9323-415f-8b54-deb8cb9a0eeb,Success,3,2,1,"10.76913,106.6826",40,,88,4.65,Saigon Hideout,,4.71,4393,7 nam,https://www.airbnb.com.vn/users/show/132733770,23.333333333333332,0,0
51,Phòng 7 - Studio được thiết kế đẹp mắt trên tầng thượng tại D3,https://www.airbnb.com.vn/rooms/24489268?adults=2&search_mode=regular_search&check_in=2025-07-11&check_out=2025-07-13&children=0&infants=0&pets=0&source_impression_id=p3_1747739023_P3tYfPYrmKJFKSsv&previous_page_section_name=1000&federated_search_id=708a4f46-9323-415f-8b54-deb8cb9a0eeb,Success,2,1,1,"10.7668,106.6788",38,Được khách yêu thích,114,4.91,Huy & Nhi,Chủ nhà siêu cấp,4.95,1024,7 nam,https://www.airbnb.com.vn/users/show/133184725,96.66666666666667,61.29032258064516,39.130434782608695
52,"AustinHome#2_Địa điểm sáng tạo/Workin 'desk,Netflix",https://www.airbnb.com.vn/rooms/49641685?adults=2&search_mode=regular_search&category_tag=Tag%3A8678&check_in=2025-06-06&check_out=2025-06-08&children=0&infants=0&pets=0&photo_id=1485368714&source_impression_id=p3_1747739023_P32DT6QZetfLKFl8&previous_page_section_name=1000&federated_search_id=708a4f46-9323-415f-8b54-deb8cb9a0eeb,Success,,1,,"10.77139,106.6829",40,Được khách yêu thích,95,5,Austin & Vanessa,Chủ nhà siêu cấp,4.95,1296,7 nam,https://www.airbnb.com.vn/users/show/126966244,36.666666666666664,3.225806451612903,13.043478260869565
53,"@R3 10 phút đi bộ IndependencePalace, FreeLaundry",https://www.airbnb.com.vn/rooms/1405463379733829985?adults=2&search_mode=regular_search&check_in=2025-05-30&check_out=2025-06-01&children=0&infants=0&pets=0&source_impression_id=p3_1747739023_P3Kmg-94OxFSQcDf&previous_page_section_name=1000&federated_search_id=708a4f46-9323-415f-8b54-deb8cb9a0eeb,Success,3,1,1,"10.7710873,106.6869163",28,,2,,CR Concept,Chủ nhà siêu cấp,4.97,89,2 nam,https://www.airbnb.com.vn/users/show/536880559,100,100,68.47826086956522
54,Căn hộ dịch vụ Sài Gòn 1 phòng ngủ Trung tâm thành phố gần Công viên,https://www.airbnb.com.vn/rooms/1392719774028021850?adults=2&search_mode=regular_search&check_in=2025-05-30&check_out=2025-06-01&children=0&infants=0&pets=0&source_impression_id=p3_1747739023_P3nTiXB3PsfRaItI&previous_page_section_name=1000&federated_search_id=708a4f46-9323-415f-8b54-deb8cb9a0eeb,Success,3,1,1,"10.7773,106.6912",47,,4,5,Yung,Chủ nhà siêu cấp,4.86,1747,11 nam,https://www.airbnb.com.vn/users/show/17530851,6.666666666666667,0,0
55,“Homezie Saigon – Căn hộ sang xịn giá hời,https://www.airbnb.com.vn/rooms/1410625965693568082?adults=2&search_mode=regular_search&category_tag=Tag%3A8678&check_in=2025-05-23&check_out=2025-05-25&children=0&infants=0&pets=0&photo_id=2156460326&source_impression_id=p3_1747739067_P3jlwntcGQjbjuAP&previous_page_section_name=1000&federated_search_id=3f8b7bdd-0857-4f26-a8ae-baef6c10d313,Success,,2,,"10.7898015,106.6849708",44,,1,,Ngân,,5,4,1 thang,https://www.airbnb.com.vn/users/show/107379884,13.333333333333334,0,0
56,Vị trí hoàn hảo {Trung tâm thành phố},https://www.airbnb.com.vn/rooms/1389731341755865005?adults=2&search_mode=regular_search&category_tag=Tag%3A8678&check_in=2025-05-23&check_out=2025-05-25&children=0&infants=0&pets=0&photo_id=2124208320&source_impression_id=p3_1747739067_P3SdeDdPm2JA148F&previous_page_section_name=1000&federated_search_id=3f8b7bdd-0857-4f26-a8ae-baef6c10d313,Success,,1,,"10.7871,106.6928",26,Được khách yêu thích,9,5,Katie Homes,Chủ nhà siêu cấp,4.89,92,5 thang,https://www.airbnb.com.vn/users/show/277799131,13.333333333333334,0,0
57,Le Boulevard-Elegant 1BR Apt Walking to War Museum,https://www.airbnb.com.vn/rooms/44090762?adults=2&search_mode=regular_search&check_in=2025-06-13&check_out=2025-06-15&children=0&infants=0&pets=0&source_impression_id=p3_1747739067_P3IY5ZWZ5V3qqnm8&previous_page_section_name=1000&federated_search_id=3f8b7bdd-0857-4f26-a8ae-baef6c10d313,Success,2,1,1,"10.78098,106.69345",35,Được khách yêu thích,48,4.79,"Shell, Alice, Tee, Lyn And Aris",Chủ nhà siêu cấp,4.64,5467,9 nam,https://www.airbnb.com.vn/users/show/60005629,63.33333333333333,38.70967741935484,27.173913043478258
58,Studio Tân Định • nhận phòng 24/7,https://www.airbnb.com.vn/rooms/1394307031461571063?adults=2&search_mode=regular_search&check_in=2025-07-25&check_out=2025-07-27&children=0&infants=0&pets=0&source_impression_id=p3_1747739067_P3V5sB3zItDb9wnB&previous_page_section_name=1000&federated_search_id=3f8b7bdd-0857-4f26-a8ae-baef6c10d313,Success,2,2,1,"10.7875,106.6882",41,Được khách yêu thích,6,5,Vo Huynh Anh,Chủ nhà siêu cấp,4.94,181,10 thang,https://www.airbnb.com.vn/users/show/476476635,100,64.51612903225806,21.73913043478261
59,Botanist Lab cozy room ở Tan Dinh bởi CIRCADIAN,https://www.airbnb.com.vn/rooms/31871747?adults=2&search_mode=regular_search&category_tag=Tag%3A8678&check_in=2025-06-06&check_out=2025-06-08&children=0&infants=0&pets=0&photo_id=792514250&source_impression_id=p3_1747739067_P3FFrjSFJITPXNz6&previous_page_section_name=1000&federated_search_id=3f8b7bdd-0857-4f26-a8ae-baef6c10d313,Success,,1,,"10.79237,106.6874",46,Được khách yêu thích,113,4.81,Circadian,Chủ nhà siêu cấp,4.88,7953,8 nam,https://www.airbnb.com.vn/users/show/122829979,50,12.903225806451612,8.695652173913043
60,The Nest Homestay số 3,https://www.airbnb.com.vn/rooms/1167242614369358612?adults=2&search_mode=regular_search&check_in=2025-05-23&check_out=2025-05-25&children=0&infants=0&pets=0&source_impression_id=p3_1747739067_P39t6uSJdLkiABs_&previous_page_section_name=1000&federated_search_id=3f8b7bdd-0857-4f26-a8ae-baef6c10d313,Success,,1,,"10.782,106.6933",27,,,,Cuc,,4.72,599,6 nam,https://www.airbnb.com.vn/users/show/249867462,6.666666666666667,0,0
61,Wabi Sabi Insp + Netflix + Bồn tắm 5 phút@Ben Thanh,https://www.airbnb.com.vn/rooms/987926716894388540?adults=2&search_mode=regular_search&check_in=2025-05-23&check_out=2025-05-25&children=0&infants=0&pets=0&source_impression_id=p3_1747739067_P3lW7_FNSdStBJqQ&previous_page_section_name=1000&federated_search_id=3f8b7bdd-0857-4f26-a8ae-baef6c10d313,Success,3,2,1,"10.77326,106.69495",41,,188,4.65,Saigon Hideout,,4.71,4393,7 nam,https://www.airbnb.com.vn/users/show/132733770,13.333333333333334,0,0
62,Phòng được yêu thích nhất trong Villa quận 3,https://www.airbnb.com.vn/rooms/930310182644180142?adults=2&search_mode=regular_search&check_in=2025-05-23&check_out=2025-05-25&children=0&infants=0&pets=0&source_impression_id=p3_1747739067_P392VecozuURur8_&previous_page_section_name=1000&federated_search_id=3f8b7bdd-0857-4f26-a8ae-baef6c10d313,Success,2,1,1,"10.7869,106.6853",52,Được khách yêu thích,47,4.98,Trang,Chủ nhà siêu cấp,4.82,342,2 nam,https://www.airbnb.com.vn/users/show/505290025,43.333333333333336,0,0
63,ƯU ĐÃI | Căn hộ 2 phòng ngủ rộng rãi và ấm cúng * Trung tâm TP HCM,https://www.airbnb.com.vn/rooms/1378833389683610286?adults=2&search_mode=regular_search&check_in=2025-06-13&check_out=2025-06-15&children=0&infants=0&pets=0&source_impression_id=p3_1747739067_P3dqMkfcWxG-Izol&previous_page_section_name=1000&federated_search_id=3f8b7bdd-0857-4f26-a8ae-baef6c10d313,Success,4,2,1,"10.7724,106.687",42,Được khách yêu thích,14,5,Mallorie,Chủ nhà siêu cấp,4.98,55,4 thang,https://www.airbnb.com.vn/users/show/501026746,73.33333333333333,87.09677419354838,57.608695652173914
64,Ban công ngoài nhà B 302,https://www.airbnb.com.vn/rooms/1180415004921265799?adults=2&search_mode=regular_search&check_in=2025-07-04&check_out=2025-07-06&children=0&infants=0&pets=0&source_impression_id=p3_1747739067_P3-_xPEZPW9K3WLx&previous_page_section_name=1000&federated_search_id=3f8b7bdd-0857-4f26-a8ae-baef6c10d313,Success,2,1,1,"10.783,106.6878",36,Được khách yêu thích,50,4.88,BHouse,Chủ nhà siêu cấp,4.91,280,11 thang,https://www.airbnb.com.vn/users/show/451421745,100,22.58064516129032,13.043478260869565
65,Room2A @ Kitsune Saigon Central Central rộng rãi hiện đại BR,https://www.airbnb.com.vn/rooms/30245010?adults=2&search_mode=regular_search&category_tag=Tag%3A8678&check_in=2025-06-13&check_out=2025-06-15&children=0&infants=0&pets=0&photo_id=1675678602&source_impression_id=p3_1747739067_P33X8lP0WKai9lbQ&previous_page_section_name=1000&federated_search_id=3f8b7bdd-0857-4f26-a8ae-baef6c10d313,Success,,1,,"10.7906,106.6877",39,Được khách yêu thích,118,4.89,Hà,Chủ nhà siêu cấp,4.89,1015,7 nam,https://www.airbnb.com.vn/users/show/66846313,33.33333333333333,0,2.1739130434782608
66,Le Boulevard-Amazing City View 1BR With Kitchen D3,https://www.airbnb.com.vn/rooms/1413500705711452181?adults=2&search_mode=regular_search&check_in=2025-06-06&check_out=2025-06-08&children=0&infants=0&pets=0&source_impression_id=p3_1747739067_P3OnoES5EQSZatPX&previous_page_section_name=1000&federated_search_id=3f8b7bdd-0857-4f26-a8ae-baef6c10d313,Success,2,1,1,"10.7809982,106.6937466",34,,2,,"Shell, Alice, Tee, Lyn And Aris",Chủ nhà siêu cấp,4.64,5467,9 nam,https://www.airbnb.com.vn/users/show/60005629,36.666666666666664,0,0
67,Le Boulevard Apt-Stunning For Travelers In D3,https://www.airbnb.com.vn/rooms/580073259220378964?adults=2&search_mode=regular_search&check_in=2025-08-01&check_out=2025-08-03&children=0&infants=0&pets=0&source_impression_id=p3_1747739067_P38rF8RmWicCQ1mt&previous_page_section_name=1000&federated_search_id=3f8b7bdd-0857-4f26-a8ae-baef6c10d313,Success,2,1,1,"10.78142,106.69232",34,,51,4.67,"Shell, Alice, Tee, Lyn And Aris",Chủ nhà siêu cấp,4.64,5467,9 nam,https://www.airbnb.com.vn/users/show/60005629,100,96.77419355,32.608695652173914
68,35m2 Vintage Boutique Suite w Ban công ở Bến Thành,https://www.airbnb.com.vn/rooms/1236069126152869613?adults=2&search_mode=regular_search&category_tag=Tag%3A8678&check_in=2025-08-01&check_out=2025-08-03&children=0&infants=0&pets=0&photo_id=1988585660&source_impression_id=p3_1747739067_P3aAiMH9VQvycQUt&previous_page_section_name=1000&federated_search_id=3f8b7bdd-0857-4f26-a8ae-baef6c10d313,Success,,1,,"10.7701,106.6899",16,Được khách yêu thích,52,4.87,Hạnh,Chủ nhà siêu cấp,4.72,673,6 nam,https://www.airbnb.com.vn/users/show/235410945,43.333333333333336,38.70967741935484,20.652173913043477
69,Phòng 4 - Boutique homestay với vườn trên tầng thượng,https://www.airbnb.com.vn/rooms/24151261?adults=2&search_mode=regular_search&category_tag=Tag%3A8678&check_in=2025-07-04&check_out=2025-07-06&children=0&infants=0&pets=0&photo_id=1301581309&source_impression_id=p3_1747739067_P30jH6P9LY1EzcRV&previous_page_section_name=1000&federated_search_id=3f8b7bdd-0857-4f26-a8ae-baef6c10d313,Success,,1,,"10.7674,106.6792",41,Được khách yêu thích,150,4.97,Huy & Nhi,Chủ nhà siêu cấp,4.95,1024,7 nam,https://www.airbnb.com.vn/users/show/133184725,100,64.51612903225806,38.04347826086957
70,AustinHome#4_The Little Home/Netflix,https://www.airbnb.com.vn/rooms/563440177765078378?adults=2&search_mode=regular_search&category_tag=Tag%3A8678&check_in=2025-05-23&check_out=2025-05-25&children=0&infants=0&pets=0&photo_id=1938955789&source_impression_id=p3_1747739067_P3eEJW1-XHcrofdY&previous_page_section_name=1000&federated_search_id=3f8b7bdd-0857-4f26-a8ae-baef6c10d313,Success,,1,,"10.76973,106.68289",39,Được khách yêu thích,91,4.93,Austin & Vanessa,Chủ nhà siêu cấp,4.95,1296,7 nam,https://www.airbnb.com.vn/users/show/126966244,23.333333333333332,16.129032258064516,5.434782608695652
71,#101 Phòng ban công gần sân bay|Máy chiếu Netflix,https://www.airbnb.com.vn/rooms/1051918800923923074?adults=2&search_mode=regular_search&check_in=2025-06-27&check_out=2025-06-29&children=0&infants=0&pets=0&source_impression_id=p3_1747739067_P3ki_bIWxP3YgrrS&previous_page_section_name=1000&federated_search_id=3f8b7bdd-0857-4f26-a8ae-baef6c10d313,Success,2,,1,"10.79117,106.67063",27,Được khách yêu thích,96,4.93,Hai,Chủ nhà siêu cấp,4.93,398,1 nam,https://www.airbnb.com.vn/users/show/479055797,60,6.451612903225806,27.173913043478258
72,(201) Bùi Viện mất 10 phút đi bộ/Ngôi nhà ấm cúng,https://www.airbnb.com.vn/rooms/1390458935155137738?adults=2&search_mode=regular_search&check_in=2025-05-23&check_out=2025-05-25&children=0&infants=0&pets=0&source_impression_id=p3_1747739067_P3NL7p7nML-jPAjt&previous_page_section_name=1000&federated_search_id=3f8b7bdd-0857-4f26-a8ae-baef6c10d313,Success,2,1,1,"10.7701,106.6882",25,,7,4.57,Damda Homes,Chủ nhà siêu cấp,4.83,29,10 thang,https://www.airbnb.com.vn/users/show/550926213,30,0,0
73,New 1BR+Bếp +Bếp+Ban công D1,https://www.airbnb.com.vn/rooms/1020578552150976273?adults=2&search_mode=regular_search&check_in=2025-05-23&check_out=2025-05-25&children=0&infants=0&pets=0&source_impression_id=p3_1747739111_P3HJ7zzjZkZaT7XK&previous_page_section_name=1000&federated_search_id=0eb60ec9-d0be-48fe-bb2b-f3557cb5fd42,Success,2,1,1,"10.771,106.6877",39,Được khách yêu thích,243,4.97,Hang,Chủ nhà siêu cấp,4.97,249,2 nam,https://www.airbnb.com.vn/users/show/135756543,43.333333333333336,38.70967741935484,21.73913043478261
74,Digital Nomad @Saigon Hideout,https://www.airbnb.com.vn/rooms/972873441559867798?adults=2&search_mode=regular_search&check_in=2025-05-23&check_out=2025-05-25&children=0&infants=0&pets=0&source_impression_id=p3_1747739111_P3f6L5UNs1nUd8Vq&previous_page_section_name=1000&federated_search_id=0eb60ec9-d0be-48fe-bb2b-f3557cb5fd42,Success,2,1,1,"10.77032,106.6843",37,,74,4.73,Saigon Hideout,,4.71,4393,7 nam,https://www.airbnb.com.vn/users/show/132733770,6.666666666666667,0,0
75,Vị trí hoàn hảo [Trung tâm thành phố],https://www.airbnb.com.vn/rooms/1317682907783660127?adults=2&search_mode=regular_search&check_in=2025-05-23&check_out=2025-05-25&children=0&infants=0&pets=0&source_impression_id=p3_1747739111_P3tqevMnBZX0-c5m&previous_page_section_name=1000&federated_search_id=0eb60ec9-d0be-48fe-bb2b-f3557cb5fd42,Success,2,1,0,"10.778,106.6911",25,Được khách yêu thích,28,4.82,Katie Homes,Chủ nhà siêu cấp,4.89,92,5 thang,https://www.airbnb.com.vn/users/show/277799131,10,0,0
76,1#Căn hộ 1 phòng ngủ hiện đại | Quận 3 I Đón miễn phí,https://www.airbnb.com.vn/rooms/1391643616386803782?adults=2&search_mode=regular_search&check_in=2025-05-23&check_out=2025-05-25&children=0&infants=0&pets=0&source_impression_id=p3_1747739111_P3jFxeJbL3RcQwlN&previous_page_section_name=1000&federated_search_id=0eb60ec9-d0be-48fe-bb2b-f3557cb5fd42,Success,2,1,1,"10.7842337,106.6971887",38,Được khách yêu thích,7,4.86,Pham,,4.93,15,1 thang,https://www.airbnb.com.vn/users/show/211013962,16.666666666666664,0,0
77,Phòng giá rẻ quận 1,https://www.airbnb.com.vn/rooms/1261295040476541596?adults=2&search_mode=regular_search&category_tag=Tag%3A8678&check_in=2025-05-30&check_out=2025-06-01&children=0&infants=0&pets=0&photo_id=2006743797&source_impression_id=p3_1747739111_P3ipfeqTcGh-5J6O&previous_page_section_name=1000&federated_search_id=0eb60ec9-d0be-48fe-bb2b-f3557cb5fd42,Success,,1,,"10.768,106.6924",36,Được khách yêu thích,18,5,Amy Nguyen,,4.67,73,9 thang,https://www.airbnb.com.vn/users/show/599609772,6.666666666666667,0,0
78,Studio và sân thượng của một kiến trúc sư tuyệt vời ở Sài Gòn,https://www.airbnb.com.vn/rooms/28143145?adults=2&search_mode=regular_search&check_in=2025-05-30&check_out=2025-06-01&children=0&infants=0&pets=0&source_impression_id=p3_1747739111_P3oqlJKTHpSENbU1&previous_page_section_name=1000&federated_search_id=0eb60ec9-d0be-48fe-bb2b-f3557cb5fd42,Success,2,1,1,"10.79196,106.68264",35,,99,4.78,Vinh Phuc,Chủ nhà siêu cấp,4.86,372,9 nam,https://www.airbnb.com.vn/users/show/69755428,100,100,100
79,PenhouseㅣHiện đạiㅣẤm cúngㅣBalcony chill ㅣTrung tâm,https://www.airbnb.com.vn/rooms/1416510538676240651?adults=2&search_mode=regular_search&category_tag=Tag%3A8678&check_in=2025-06-06&check_out=2025-06-08&children=0&infants=0&pets=0&photo_id=2166285635&source_impression_id=p3_1747739111_P3fziXF70P5EP82I&previous_page_section_name=1000&federated_search_id=0eb60ec9-d0be-48fe-bb2b-f3557cb5fd42,Success,,1,,"10.7686,106.683",28,,,,Tuấn,Bắt đầu đón tiếp khách từ năm 2025,,,,,6.666666666666667,0,0
80,Căn hộ Vintage bên cạnh chợ Bến Thành.,https://www.airbnb.com.vn/rooms/1267852519356498889?adults=2&search_mode=regular_search&check_in=2025-07-04&check_out=2025-07-06&children=0&infants=0&pets=0&source_impression_id=p3_1747739111_P3tko-RkffTHAw6Y&previous_page_section_name=1000&federated_search_id=0eb60ec9-d0be-48fe-bb2b-f3557cb5fd42,Success,2,1,1,"10.7722,106.6935",35,,12,4.5,Golden House,,4.74,811,2 nam,https://www.airbnb.com.vn/users/show/534097581,66.66666666666666,19.35483870967742,9.782608695652174
81,"@S1 Center City, Bồn tắm, Bếp, Giặt ủi miễn phí",https://www.airbnb.com.vn/rooms/1407787300911141990?adults=2&search_mode=regular_search&check_in=2025-05-30&check_out=2025-06-01&children=0&infants=0&pets=0&source_impression_id=p3_1747739111_P3UqXgHuk_sfAkpD&previous_page_section_name=1000&federated_search_id=0eb60ec9-d0be-48fe-bb2b-f3557cb5fd42,Success,3,1,1,"10.7721,106.6875",31,,1,,CR Concept,Chủ nhà siêu cấp,4.97,89,2 nam,https://www.airbnb.com.vn/users/show/536880559,53.333333333333336,38.70967741935484,13.043478260869565
82,"Quận 3 - Netflix, Balcony - Giữa lòng Sài Gòn -202",https://www.airbnb.com.vn/rooms/1157191031216856212?adults=2&search_mode=regular_search&category_tag=Tag%3A8678&check_in=2025-05-30&check_out=2025-06-01&children=0&infants=0&pets=0&photo_id=1917866990&source_impression_id=p3_1747739111_P3n2I3jFZDDsfvcM&previous_page_section_name=1000&federated_search_id=0eb60ec9-d0be-48fe-bb2b-f3557cb5fd42,Success,,,,"10.7861,106.6929",36,Được khách yêu thích,23,4.83,Nana,Chủ nhà siêu cấp,4.88,184,2 nam,https://www.airbnb.com.vn/users/show/537266508,26.666666666666668,3.225806451612903,1.0869565217391304
83,Studio D1 - Vị trí tốt nhất - Bên cạnh Bến Thành Mar,https://www.airbnb.com.vn/rooms/1226911195216258553?adults=2&search_mode=regular_search&check_in=2025-07-25&check_out=2025-07-27&children=0&infants=0&pets=0&source_impression_id=p3_1747739111_P3EdHGVP9y4-VvkX&previous_page_section_name=1000&federated_search_id=0eb60ec9-d0be-48fe-bb2b-f3557cb5fd42,Success,2,1,1,"10.7724,106.6951",40,Được khách yêu thích,52,4.94,NU Apartment,Chủ nhà siêu cấp,4.82,768,1 nam,https://www.airbnb.com.vn/users/show/566526796,53.333333333333336,38.70967741935484,42.391304347826086
84,Studio 2Pax đáng yêu có thể đi bộ đến Chợ Bến Thành D1,https://www.airbnb.com.vn/rooms/641351118877683284?adults=2&search_mode=regular_search&check_in=2025-06-13&check_out=2025-06-15&children=0&infants=0&pets=0&source_impression_id=p3_1747739111_P3QXVp-Yj-1k9L-M&previous_page_section_name=1000&federated_search_id=0eb60ec9-d0be-48fe-bb2b-f3557cb5fd42,Success,2,1,1,"10.7717,106.6898",40,Được khách yêu thích,73,4.71,"Shell, Alice, Tee, Lyn And Aris",Chủ nhà siêu cấp,4.64,5467,9 nam,https://www.airbnb.com.vn/users/show/60005629,53.333333333333336,0,0
85,B House Inner 201,https://www.airbnb.com.vn/rooms/1180421281784433904?adults=2&search_mode=regular_search&check_in=2025-06-20&check_out=2025-06-22&children=0&infants=0&pets=0&source_impression_id=p3_1747739111_P3CUC8nxn8VhKaa5&previous_page_section_name=1000&federated_search_id=0eb60ec9-d0be-48fe-bb2b-f3557cb5fd42,Success,2,1,1,"10.783,106.6878",31,Được khách yêu thích,44,4.91,BHouse,Chủ nhà siêu cấp,4.91,280,11 thang,https://www.airbnb.com.vn/users/show/451421745,13.333333333333334,0,9.782608695652174
86,Room1A @ Kitsune. Một BR hiện đại ở trung tâmigon,https://www.airbnb.com.vn/rooms/30241652?adults=2&search_mode=regular_search&category_tag=Tag%3A8678&check_in=2025-06-13&check_out=2025-06-15&children=0&infants=0&pets=0&photo_id=1675671027&source_impression_id=p3_1747739111_P3Lim7XnoiCnyoqk&previous_page_section_name=1000&federated_search_id=0eb60ec9-d0be-48fe-bb2b-f3557cb5fd42,Success,,1,,"10.78952,106.68718",41,Được khách yêu thích,88,4.88,Hà,Chủ nhà siêu cấp,4.89,1015,7 nam,https://www.airbnb.com.vn/users/show/66846313,100,35.483870967741936,11.956521739130435
87,Phòng 8 - giường cỡ king và vườn trên tầng thượng ở D3,https://www.airbnb.com.vn/rooms/22734713?adults=2&search_mode=regular_search&category_tag=Tag%3A8678&check_in=2025-05-30&check_out=2025-06-01&children=0&infants=0&pets=0&photo_id=1806389427&source_impression_id=p3_1747739111_P3z6GgMaJ2_4kw6E&previous_page_section_name=1000&federated_search_id=0eb60ec9-d0be-48fe-bb2b-f3557cb5fd42,Success,,1,,"10.7672,106.679",42,Được khách yêu thích,152,4.93,Huy & Nhi,Chủ nhà siêu cấp,4.95,1024,7 nam,https://www.airbnb.com.vn/users/show/133184725,100,16.129032258064516,10.869565217391305
88,#121 Phòng ấm cúng có bếp chung gần sân bay,https://www.airbnb.com.vn/rooms/1231119321481630276?adults=2&search_mode=regular_search&category_tag=Tag%3A8678&check_in=2025-06-06&check_out=2025-06-08&children=0&infants=0&pets=0&photo_id=1981473603&source_impression_id=p3_1747739111_P3mM6SUMC7FIyE95&previous_page_section_name=1000&federated_search_id=0eb60ec9-d0be-48fe-bb2b-f3557cb5fd42,Success,,1,,"10.7922,106.6717",38,Được khách yêu thích,26,5,Hai,Chủ nhà siêu cấp,4.93,398,1 nam,https://www.airbnb.com.vn/users/show/479055797,33.33333333333333,0,0
89,"P""m""P. 16 : Hòa hợp Annamite cổ điển * D1",https://www.airbnb.com.vn/rooms/926385166647002022?adults=2&search_mode=regular_search&check_in=2025-05-30&check_out=2025-06-01&children=0&infants=0&pets=0&source_impression_id=p3_1747739111_P3JpCy-HzaUMp23l&previous_page_section_name=1000&federated_search_id=0eb60ec9-d0be-48fe-bb2b-f3557cb5fd42,Success,2,1,1,"10.7657,106.6882",34,Được khách yêu thích,169,4.96,Anh,Chủ nhà siêu cấp,4.93,5366,8 nam,https://www.airbnb.com.vn/users/show/118444724,23.333333333333332,3.225806451612903,1.0869565217391304
90,"Trung tâm thành phố HCM, môi trường xung quanh và vị trí tuyệt đẹp",https://www.airbnb.com.vn/rooms/1378867807970065022?adults=2&search_mode=regular_search&check_in=2025-05-30&check_out=2025-06-01&children=0&infants=0&pets=0&source_impression_id=p3_1747739111_P3TpvJ-tG0CskcKJ&previous_page_section_name=1000&federated_search_id=0eb60ec9-d0be-48fe-bb2b-f3557cb5fd42,Success,2,2,1,"10.7889445,106.6769242",6,Được khách yêu thích,5,5,Minh & Jenny,Chủ nhà siêu cấp,4.92,153,1 nam,https://www.airbnb.com.vn/users/show/376307404,6.666666666666667,0,0
91,"Trung tâm thành phố HCM, môi trường xung quanh và vị trí tuyệt đẹp",https://www.airbnb.com.vn/rooms/1378867807970065022?adults=2&search_mode=regular_search&check_in=2025-05-30&check_out=2025-06-01&children=0&infants=0&pets=0&source_impression_id=p3_1747739155_P3kA4TlFljiijWtG&previous_page_section_name=1000&federated_search_id=0dbfd4b4-7176-40dd-8167-afeb9d7b130c,Success,2,2,1,"10.7889445,106.6769242",6,Được khách yêu thích,5,5,Minh & Jenny,Chủ nhà siêu cấp,4.92,153,1 nam,https://www.airbnb.com.vn/users/show/376307404,6.666666666666667,0,0
92,Căn hộ mini q3 thoáng mát 01,https://www.airbnb.com.vn/rooms/1408469646229680404?adults=2&search_mode=regular_search&category_tag=Tag%3A8678&check_in=2025-05-23&check_out=2025-05-25&children=0&infants=0&pets=0&photo_id=2152933186&source_impression_id=p3_1747739155_P3K3xWumcySv4BZa&previous_page_section_name=1000&federated_search_id=0dbfd4b4-7176-40dd-8167-afeb9d7b130c,Success,,1,,"10.7806072,106.6814018",11,,,,Trọng Thành,,4.12,107,1 nam,https://www.airbnb.com.vn/users/show/551783545,13.333333333333334,0,0
93,Phòng gần Bùi Viện,https://www.airbnb.com.vn/rooms/1422093125324373270?adults=2&search_mode=regular_search&check_in=2025-05-23&check_out=2025-05-25&children=0&infants=0&pets=0&source_impression_id=p3_1747739155_P33EL8VxEp5HWT_2&previous_page_section_name=1000&federated_search_id=0dbfd4b4-7176-40dd-8167-afeb9d7b130c,Success,2,1,1,"10.7694,106.6974",4,,,,Trọng,Bắt đầu đón tiếp khách từ năm 2025,,,,,83.33333333333334,0,0
94,Studio 2 giường thoải mái ngay trung tâm Quận 1,https://www.airbnb.com.vn/rooms/640873593961939551?adults=2&search_mode=regular_search&check_in=2025-06-27&check_out=2025-06-29&children=0&infants=0&pets=0&source_impression_id=p3_1747739155_P3Au8gF120i9dvKB&previous_page_section_name=1000&federated_search_id=0dbfd4b4-7176-40dd-8167-afeb9d7b130c,Success,2,1,1,"10.7717,106.6898",33,Được khách yêu thích,126,4.83,Ben,Chủ nhà siêu cấp,4.62,10000,14 nam,https://www.airbnb.com.vn/users/show/1443279,76.66666666666667,58.06451612903226,47.82608695652174
95,Leelai Studio 30m2 Trung tâm Quận 1,https://www.airbnb.com.vn/rooms/1396886973804448786?adults=2&search_mode=regular_search&check_in=2025-06-13&check_out=2025-06-15&children=0&infants=0&pets=0&source_impression_id=p3_1747739155_P3zv6ckKm0LChd4v&previous_page_section_name=1000&federated_search_id=0dbfd4b4-7176-40dd-8167-afeb9d7b130c,Success,3,1,1,"10.7694,106.692",44,,4,5,Tommy Nguyen,,4.8,148,8 nam,https://www.airbnb.com.vn/users/show/138866712,40,41.935483870967744,25
96,Nhà 3T,https://www.airbnb.com.vn/rooms/32529894?adults=2&search_mode=regular_search&category_tag=Tag%3A8678&check_in=2025-05-23&check_out=2025-05-25&children=0&infants=0&pets=0&photo_id=897233322&source_impression_id=p3_1747739155_P3rd8ykPK44lX80W&previous_page_section_name=1000&federated_search_id=0dbfd4b4-7176-40dd-8167-afeb9d7b130c,Success,,1,,"10.78392,106.6795",23,,63,4.79,Tong,Chủ nhà siêu cấp,4.79,63,6 nam,https://www.airbnb.com.vn/users/show/22975149,36.666666666666664,100,35.869565217391305
97,Căn hộ Quận 3,https://www.airbnb.com.vn/rooms/1417475896941791128?adults=2&search_mode=regular_search&category_tag=Tag%3A8678&check_in=2025-05-23&check_out=2025-05-25&children=0&infants=0&pets=0&photo_id=2168170096&source_impression_id=p3_1747739155_P3yIa6YqoDaxS0Qt&previous_page_section_name=1000&federated_search_id=0dbfd4b4-7176-40dd-8167-afeb9d7b130c,Success,,1,,"10.7899,106.674",37,,1,,Thi,Chủ nhà siêu cấp,4.93,14,3 thang,https://www.airbnb.com.vn/users/show/598144420,6.666666666666667,0,0
98,Studio quyến rũ với ban công và bếp ở trung tâm D1,https://www.airbnb.com.vn/rooms/711630788527992745?adults=2&search_mode=regular_search&check_in=2025-06-20&check_out=2025-06-22&children=0&infants=0&pets=0&source_impression_id=p3_1747739155_P3UHJEJmI2Np-NER&previous_page_section_name=1000&federated_search_id=0dbfd4b4-7176-40dd-8167-afeb9d7b130c,Success,2,1,1,"10.7692,106.69718",39,Được khách yêu thích,169,4.95,Trân,Chủ nhà siêu cấp,4.91,1397,9 nam,https://www.airbnb.com.vn/users/show/75425187,56.666666666666664,51.61290322580645,52.17391304347826
99,(301) Bùi Viện mất 10 phút đi bộ/Ngôi nhà ấm cúng.,https://www.airbnb.com.vn/rooms/1393026604470853201?adults=2&search_mode=regular_search&check_in=2025-06-06&check_out=2025-06-08&children=0&infants=0&pets=0&source_impression_id=p3_1747739155_P3MWCDYHT_rB-4gs&previous_page_section_name=1000&federated_search_id=0dbfd4b4-7176-40dd-8167-afeb9d7b130c,Success,2,1,1,"10.768893,106.6893396",22,Được khách yêu thích,6,4.83,Damda Homes,Chủ nhà siêu cấp,4.83,29,10 thang,https://www.airbnb.com.vn/users/show/550926213,43.333333333333336,0,0
100,3.2 Khai trương discount Studio centre D3,https://www.airbnb.com.vn/rooms/1378509234319015995?adults=2&search_mode=regular_search&check_in=2026-03-27&check_out=2026-03-29&children=0&infants=0&pets=0&source_impression_id=p3_1747739155_P3SBSBjF5MmGej3m&previous_page_section_name=1000&federated_search_id=0dbfd4b4-7176-40dd-8167-afeb9d7b130c,Success,2,1,1,"10.7734903,106.6803691",10,,,,Huỳnh Thị Ngọc,,5,1,2 thang,https://www.airbnb.com.vn/users/show/684552121,0,0,0
101,R4-Cozy-Modern-Netflix- GẦN phố Backpacker,https://www.airbnb.com.vn/rooms/39655845?adults=2&search_mode=regular_search&category_tag=Tag%3A8678&check_in=2025-10-03&check_out=2025-10-05&children=0&infants=0&pets=0&photo_id=1946027660&source_impression_id=p3_1747739155_P3QAnmgqbeKHQ78N&previous_page_section_name=1000&federated_search_id=0dbfd4b4-7176-40dd-8167-afeb9d7b130c,Success,,1,,"10.7666,106.6845",30,,98,4.84,Divyansh,Chủ nhà siêu cấp,4.79,836,6 nam,https://www.airbnb.com.vn/users/show/92779913,100,100,98.91304347826086
102,A&VHome#4_The Sense of Living (No Elevator),https://www.airbnb.com.vn/rooms/1182356880050149545?adults=2&search_mode=regular_search&category_tag=Tag%3A8678&check_in=2025-05-30&check_out=2025-06-01&children=0&infants=0&pets=0&photo_id=1936807788&source_impression_id=p3_1747739155_P3zPNj8Hjd-m8f1F&previous_page_section_name=1000&federated_search_id=0dbfd4b4-7176-40dd-8167-afeb9d7b130c,Success,,1,,"10.78651,106.66898",45,Được khách yêu thích,31,4.94,Austin & Vanessa,Chủ nhà siêu cấp,4.95,1298,7 nam,https://www.airbnb.com.vn/users/show/126966244,10,0,0
103,Cozy & Ben Thanh Steps Away - Guava Home 109,https://www.airbnb.com.vn/rooms/1337017500785450827?adults=2&search_mode=regular_search&check_in=2025-05-23&check_out=2025-05-25&children=0&infants=0&pets=0&source_impression_id=p3_1747739155_P3-L2DUq30exJ9hw&previous_page_section_name=1000&federated_search_id=0dbfd4b4-7176-40dd-8167-afeb9d7b130c,Success,2,1,1,"10.7718993,106.6920392",23,Được khách yêu thích,15,5,Tran,Chủ nhà siêu cấp,5,18,4 thang,https://www.airbnb.com.vn/users/show/52196529,73.33333333333333,6.451612903225806,4.3478260869565215
104,Phòng riêng rộng rãi của Phòng thí nghiệm Thực vật học theo CHU KỲ,https://www.airbnb.com.vn/rooms/31872608?adults=2&search_mode=regular_search&category_tag=Tag%3A8678&check_in=2025-06-27&check_out=2025-06-29&children=0&infants=0&pets=0&photo_id=790478814&source_impression_id=p3_1747739155_P3Kcqc5QNmqZThWq&previous_page_section_name=1000&federated_search_id=0dbfd4b4-7176-40dd-8167-afeb9d7b130c,Success,,1,,"10.79194,106.68668",44,Được khách yêu thích,151,4.82,Circadian,Chủ nhà siêu cấp,4.88,7953,8 nam,https://www.airbnb.com.vn/users/show/122829979,73.33333333333333,0,4.3478260869565215
105,Studio dịch vụ trung tâm cho 3 người bên cạnh Công viên,https://www.airbnb.com.vn/rooms/1401477812789646910?adults=2&search_mode=regular_search&check_in=2025-05-23&check_out=2025-05-25&children=0&infants=0&pets=0&source_impression_id=p3_1747739155_P3ndSZwJQIihMqLQ&previous_page_section_name=1000&federated_search_id=0dbfd4b4-7176-40dd-8167-afeb9d7b130c,Success,3,2,1,"10.7768,106.6914",48,Được khách yêu thích,5,5,Yung,Chủ nhà siêu cấp,4.86,1747,11 nam,https://www.airbnb.com.vn/users/show/17530851,56.666666666666664,16.129032258064516,5.434782608695652
106,Ban công bên ngoài nhà B 202,https://www.airbnb.com.vn/rooms/1184143584739839268?adults=2&search_mode=regular_search&check_in=2025-06-13&check_out=2025-06-15&children=0&infants=0&pets=0&source_impression_id=p3_1747739155_P3dnEDFpeEXm9iz3&previous_page_section_name=1000&federated_search_id=0dbfd4b4-7176-40dd-8167-afeb9d7b130c,Success,2,1,1,"10.78278,106.68841",35,Được khách yêu thích,32,4.78,BHouse,Chủ nhà siêu cấp,4.91,280,11 thang,https://www.airbnb.com.vn/users/show/451421745,50,64.51612903225806,23.91304347826087
107,Room3A @ Kitsune. Một căn hộ BR hiện đại ở trung tâmigon,https://www.airbnb.com.vn/rooms/30267295?adults=2&search_mode=regular_search&category_tag=Tag%3A8678&check_in=2025-05-30&check_out=2025-06-01&children=0&infants=0&pets=0&photo_id=1675676200&source_impression_id=p3_1747739155_P3TzEUJX9INZ5iGQ&previous_page_section_name=1000&federated_search_id=0dbfd4b4-7176-40dd-8167-afeb9d7b130c,Success,,1,,"10.7906,106.6877",32,Được khách yêu thích,91,4.85,Hà,Chủ nhà siêu cấp,4.89,1015,7 nam,https://www.airbnb.com.vn/users/show/66846313,30,0,0
108,Phòng 6-Brand new Studio tại Quận 3 gần Quận 1,https://www.airbnb.com.vn/rooms/24489075?adults=2&search_mode=regular_search&check_in=2025-05-30&check_out=2025-06-01&children=0&infants=0&pets=0&source_impression_id=p3_1747739155_P30NpQ7vwuWX6jQU&previous_page_section_name=1000&federated_search_id=0dbfd4b4-7176-40dd-8167-afeb9d7b130c,Success,2,1,1,"10.7672,106.679",44,Được khách yêu thích,171,4.98,Huy & Nhi,Chủ nhà siêu cấp,4.95,1024,7 nam,https://www.airbnb.com.vn/users/show/133184725,56.666666666666664,16.129032258064516,54.347826086956516
109,Studio 2 giường đơn ấm cúng hoàn toàn mới dành cho du khách ở Quận 1,https://www.airbnb.com.vn/rooms/640999752719166895?adults=2&search_mode=regular_search&check_in=2025-06-06&check_out=2025-06-08&children=0&infants=0&pets=0&source_impression_id=p3_1747739200_P3yK0GNnqji8Vdnh&previous_page_section_name=1000&federated_search_id=fbb0fbd7-34bc-400e-ae49-c4632505de3d,Success,2,1,1,"10.7717,106.6898",33,Được khách yêu thích,85,4.84,Ben,Chủ nhà siêu cấp,4.62,10000,14 nam,https://www.airbnb.com.vn/users/show/1443279,36.666666666666664,0,0
110,Studio 2 giường đáng yêu đi bộ đến chợ Bến Thành,https://www.airbnb.com.vn/rooms/641310434314292778?adults=2&search_mode=regular_search&check_in=2025-06-13&check_out=2025-06-15&children=0&infants=0&pets=0&source_impression_id=p3_1747739200_P3-x312WSMSr7kx4&previous_page_section_name=1000&federated_search_id=fbb0fbd7-34bc-400e-ae49-c4632505de3d,Success,2,1,1,"10.77291,106.69063",40,Được khách yêu thích,70,4.73,"Shell, Alice, Tee, Lyn And Aris",Chủ nhà siêu cấp,4.64,5467,9 nam,https://www.airbnb.com.vn/users/show/60005629,80,6.451612903225806,2.1739130434782608
111,"Quận 3 - Min space, max living - Giữa Sài Gòn -101",https://www.airbnb.com.vn/rooms/1164542193799270658?adults=2&search_mode=regular_search&category_tag=Tag%3A8678&check_in=2025-05-23&check_out=2025-05-25&children=0&infants=0&pets=0&photo_id=1917980722&source_impression_id=p3_1747739200_P3ds-t1H9SXQhXP5&previous_page_section_name=1000&federated_search_id=fbb0fbd7-34bc-400e-ae49-c4632505de3d,Success,,1,,"10.78652,106.694",34,,20,4.7,Hoang,Chủ nhà siêu cấp,4.76,240,2 nam,https://www.airbnb.com.vn/users/show/430972425,13.333333333333334,0,0
112,Le Boulevard Apt-Modern With Large Windown In D3,https://www.airbnb.com.vn/rooms/1232215500113714412?adults=2&search_mode=regular_search&check_in=2025-06-06&check_out=2025-06-08&children=0&infants=0&pets=0&source_impression_id=p3_1747739200_P3vXB1cXNuiDDrJM&previous_page_section_name=1000&federated_search_id=fbb0fbd7-34bc-400e-ae49-c4632505de3d,Success,2,1,1,"10.78094,106.6931",28,,5,4.8,"Shell, Alice, Tee, Lyn And Aris",Chủ nhà siêu cấp,4.64,5467,9 nam,https://www.airbnb.com.vn/users/show/60005629,43.333333333333336,12.903225806451612,4.3478260869565215
113,Căn hộ Quận Phú Nhuận,https://www.airbnb.com.vn/rooms/1366397508079632974?adults=2&search_mode=regular_search&category_tag=Tag%3A8678&check_in=2025-05-23&check_out=2025-05-25&children=0&infants=0&pets=0&photo_id=2108300657&source_impression_id=p3_1747739200_P3D34HQs5TmvA9SK&previous_page_section_name=1000&federated_search_id=fbb0fbd7-34bc-400e-ae49-c4632505de3d,Success,,1,,"10.79201,106.67893",28,Được khách yêu thích,9,5,Thi,Chủ nhà siêu cấp,4.93,14,3 thang,https://www.airbnb.com.vn/users/show/598144420,13.333333333333334,0,0
114,Tổ ❆ ấm cúng Petit Nest ❆ ẩn mình trong ❤ Sài Gòn,https://www.airbnb.com.vn/rooms/38805266?adults=2&search_mode=regular_search&category_tag=Tag%3A8678&check_in=2025-05-30&check_out=2025-06-01&children=0&infants=0&pets=0&photo_id=2166379433&source_impression_id=p3_1747739200_P3W0eRODhZZpPx-j&previous_page_section_name=1000&federated_search_id=fbb0fbd7-34bc-400e-ae49-c4632505de3d,Success,,1,,"10.7711,106.68694",30,,9,5,Cola,Bắt đầu đón tiếp khách từ năm 2020,,,,,30,0,0
115,301 Trung tâm thành phố Airy Cosy Netflix Phố đi bộ,https://www.airbnb.com.vn/rooms/1403369196155808255?adults=2&search_mode=regular_search&category_tag=Tag%3A8678&check_in=2025-05-23&check_out=2025-05-25&children=0&infants=0&pets=0&photo_id=2149822204&source_impression_id=p3_1747739200_P3iNtlJCOA-1B9hk&previous_page_section_name=1000&federated_search_id=fbb0fbd7-34bc-400e-ae49-c4632505de3d,Success,,1,,"10.7656,106.6911",40,,5,5,Divyansh,Chủ nhà siêu cấp,4.79,836,6 nam,https://www.airbnb.com.vn/users/show/92779913,10,0,0
116,HBT by Bloomin’: Nơi nghệ thuật gặp gỡ sự thoải mái hiện đại,https://www.airbnb.com.vn/rooms/1331892585465677724?adults=2&search_mode=regular_search&check_in=2025-07-04&check_out=2025-07-06&children=0&infants=0&pets=0&source_impression_id=p3_1747739200_P3McIOBN6q0QUGyj&previous_page_section_name=1000&federated_search_id=fbb0fbd7-34bc-400e-ae49-c4632505de3d,Success,4,1,1,"10.7865408,106.6932889",35,Được khách yêu thích,13,5,Tuan,Chủ nhà siêu cấp,4.91,66,2 nam,https://www.airbnb.com.vn/users/show/94373999,96.66666666666667,22.58064516129032,9.782608695652174
117,ĐaKao Vibe: Retro Studio 1B in Center by Circadian,https://www.airbnb.com.vn/rooms/1318666254864328306?adults=2&search_mode=regular_search&check_in=2025-05-23&check_out=2025-05-25&children=0&infants=0&pets=0&source_impression_id=p3_1747739200_P3qNzbT6RIUIS1t6&previous_page_section_name=1000&federated_search_id=fbb0fbd7-34bc-400e-ae49-c4632505de3d,Success,2,1,1,"10.7891975,106.6975315",59,Được khách yêu thích,18,5,Circadian,Chủ nhà siêu cấp,4.88,7953,8 nam,https://www.airbnb.com.vn/users/show/122829979,53.333333333333336,0,0
118,[Thang máy] Quận Bến Thành.1 - Ban công bên cạnh - Netflix,https://www.airbnb.com.vn/rooms/1380949567332388812?adults=2&search_mode=regular_search&check_in=2025-06-20&check_out=2025-06-22&children=0&infants=0&pets=0&source_impression_id=p3_1747739200_P3r__6lKuih8C4xI&previous_page_section_name=1000&federated_search_id=fbb0fbd7-34bc-400e-ae49-c4632505de3d,Success,2,1,1,"10.7725183,106.6966592",32,Được khách yêu thích,24,5,Kevin,Chủ nhà siêu cấp,4.95,414,2 nam,https://www.airbnb.com.vn/users/show/176125481,56.666666666666664,22.58064516129032,7.608695652173914
119,Hà-Nội Studio gần đường Buivien | Em's Home 7,https://www.airbnb.com.vn/rooms/1414628367540483918?adults=2&search_mode=regular_search&check_in=2025-05-23&check_out=2025-05-25&children=0&infants=0&pets=0&source_impression_id=p3_1747739200_P3gTfPy9dTuQU4Vy&previous_page_section_name=1000&federated_search_id=fbb0fbd7-34bc-400e-ae49-c4632505de3d,Success,2,1,1,"10.7668696,106.6901306",37,,1,,Thy,Chủ nhà siêu cấp,4.99,212,9 thang,https://www.airbnb.com.vn/users/show/473383571,33.33333333333333,0,0
120,Studio Máy Giặt Riêng Ngay Chợ Bến Thành,https://www.airbnb.com.vn/rooms/1362302088118019508?adults=2&search_mode=regular_search&category_tag=Tag%3A8678&check_in=2025-06-20&check_out=2025-06-22&children=0&infants=0&pets=0&photo_id=2094370381&source_impression_id=p3_1747739200_P3tINkWONT7MAyNI&previous_page_section_name=1000&federated_search_id=fbb0fbd7-34bc-400e-ae49-c4632505de3d,Success,,1,,"10.7726544,106.6958298",30,,,,Nhân,Chủ nhà siêu cấp,4.91,33,2 nam,https://www.airbnb.com.vn/users/show/367835631,70,51.61290322580645,34.78260869565217
121,Căn hộ boutique 1 giường @central,https://www.airbnb.com.vn/rooms/44059444?adults=2&search_mode=regular_search&check_in=2025-05-30&check_out=2025-06-01&children=0&infants=0&pets=0&source_impression_id=p3_1747739200_P3341MfWA0HJDaxs&previous_page_section_name=1000&federated_search_id=fbb0fbd7-34bc-400e-ae49-c4632505de3d,Success,2,1,1,"10.78589,106.69164",19,,108,4.87,Mua,,4.76,852,5 nam,https://www.airbnb.com.vn/users/show/353044010,20,0,0
122,Studio trung tâm gần Chợ Bến Thành bằng xe BUÝT,https://www.airbnb.com.vn/rooms/42105684?adults=2&search_mode=regular_search&check_in=2025-05-23&check_out=2025-05-25&children=0&infants=0&pets=0&source_impression_id=p3_1747739200_P3MIt5nzss22wpWN&previous_page_section_name=1000&federated_search_id=fbb0fbd7-34bc-400e-ae49-c4632505de3d,Success,2,1,1,"10.7712,106.69346",49,Được khách yêu thích,143,4.9,Circadian,Chủ nhà siêu cấp,4.88,7953,8 nam,https://www.airbnb.com.vn/users/show/122829979,36.666666666666664,0,0
123,Căn hộ studio có ban công,https://www.airbnb.com.vn/rooms/1348459788957319859?adults=2&search_mode=regular_search&check_in=2025-06-13&check_out=2025-06-15&children=0&infants=0&pets=0&source_impression_id=p3_1747739200_P3qV6Hfaq3YIkLHO&previous_page_section_name=1000&federated_search_id=fbb0fbd7-34bc-400e-ae49-c4632505de3d,Success,2,1,1,"10.7765869,106.679453",35,,,,July,Chủ nhà siêu cấp,4.91,23,4 thang,https://www.airbnb.com.vn/users/show/671769135,30,0,0
124,"Trung tâm Võ Văn Tân D3 - Ẩm thực địa phương, thiên đường quán cà phê",https://www.airbnb.com.vn/rooms/1273522600115738933?adults=2&search_mode=regular_search&check_in=2025-06-27&check_out=2025-06-29&children=0&infants=0&pets=0&source_impression_id=p3_1747739200_P3jaQP-g87Z3ByL6&previous_page_section_name=1000&federated_search_id=fbb0fbd7-34bc-400e-ae49-c4632505de3d,Success,2,1,1,"10.7707199,106.683837",35,,25,4.84,Tranqo,Chủ nhà siêu cấp,4.86,112,9 thang,https://www.airbnb.com.vn/users/show/596183325,73.33333333333333,32.25806451612903,29.347826086956523
125,D3 Central Cozy Studio-30m2 &Kitchen #1,https://www.airbnb.com.vn/rooms/24067069?adults=2&search_mode=regular_search&check_in=2025-05-30&check_out=2025-06-01&children=0&infants=0&pets=0&source_impression_id=p3_1747739200_P3IUb_Lz8R8Wh23t&previous_page_section_name=1000&federated_search_id=fbb0fbd7-34bc-400e-ae49-c4632505de3d,Success,2,1,1,"10.76787,106.68505",35,Được khách yêu thích,56,4.89,Ngoc Bich,,4.78,245,7 nam,https://www.airbnb.com.vn/users/show/151548975,73.33333333333333,100,100
126,Studio ấm cúng cho Trung tâm thành phố 4ppl Thành phố Hồ Chí Minh,https://www.airbnb.com.vn/rooms/1402233481642473356?adults=2&search_mode=regular_search&check_in=2025-06-06&check_out=2025-06-08&children=0&infants=0&pets=0&source_impression_id=p3_1747739200_P3oYh9V4xKt5i2tb&previous_page_section_name=1000&federated_search_id=fbb0fbd7-34bc-400e-ae49-c4632505de3d,Success,4,2,1,"10.7768,106.6914",49,,3,5,Yung,Chủ nhà siêu cấp,4.86,1747,11 nam,https://www.airbnb.com.vn/users/show/17530851,70,29.03225806451613,9.782608695652174
127,Room4A @ Kitsune.Saigon Central Wide Modern BR,https://www.airbnb.com.vn/rooms/30267427?adults=2&search_mode=regular_search&category_tag=Tag%3A8678&check_in=2025-07-25&check_out=2025-07-27&children=0&infants=0&pets=0&photo_id=1675656223&source_impression_id=p3_1747739244_P3wKSAHOvlhZuQWM&previous_page_section_name=1000&federated_search_id=659f13bc-15b7-4cff-b4e5-07e0465c037e,Success,,1,,"10.79004,106.6866",43,Được khách yêu thích,128,4.88,Hà,Chủ nhà siêu cấp,4.89,1015,7 nam,https://www.airbnb.com.vn/users/show/66846313,100,61.29032258064516,20.652173913043477
128,B House Inner 301,https://www.airbnb.com.vn/rooms/1176536894600989538?adults=2&search_mode=regular_search&category_tag=Tag%3A8678&check_in=2025-06-06&check_out=2025-06-08&children=0&infants=0&pets=0&photo_id=2083650479&source_impression_id=p3_1747739244_P3xSu5Wty5nXglUK&previous_page_section_name=1000&federated_search_id=659f13bc-15b7-4cff-b4e5-07e0465c037e,Success,,1,,"10.7829,106.6878",34,Được khách yêu thích,36,4.89,BHouse,Chủ nhà siêu cấp,4.91,280,11 thang,https://www.airbnb.com.vn/users/show/451421745,43.333333333333336,0,3.260869565217391
129,Studio đáng yêu cho du khách ở trung tâm D1,https://www.airbnb.com.vn/rooms/1023623975306633446?adults=2&search_mode=regular_search&check_in=2025-06-13&check_out=2025-06-15&children=0&infants=0&pets=0&source_impression_id=p3_1747739244_P3CRY94uG2RXACiZ&previous_page_section_name=1000&federated_search_id=659f13bc-15b7-4cff-b4e5-07e0465c037e,Success,2,1,1,"10.77246,106.68909",33,Được khách yêu thích,49,4.84,Ben,Chủ nhà siêu cấp,4.62,10000,14 nam,https://www.airbnb.com.vn/users/show/1443279,66.66666666666666,12.903225806451612,4.3478260869565215
130,AustinHome#1_The Cozy Inn/Netflix,https://www.airbnb.com.vn/rooms/49766271?adults=2&search_mode=regular_search&category_tag=Tag%3A8678&check_in=2025-05-30&check_out=2025-06-01&children=0&infants=0&pets=0&photo_id=2060751738&source_impression_id=p3_1747739244_P3s2C9P1k20sHe3L&previous_page_section_name=1000&federated_search_id=659f13bc-15b7-4cff-b4e5-07e0465c037e,Success,,1,,"10.77083,106.68371",39,Được khách yêu thích,34,5,Austin & Vanessa,Chủ nhà siêu cấp,4.95,1298,7 nam,https://www.airbnb.com.vn/users/show/126966244,6.666666666666667,0,0
131,Căn hộ ban công chill yên tĩnh,https://www.airbnb.com.vn/rooms/1416594871632882137?adults=2&search_mode=regular_search&category_tag=Tag%3A8678&check_in=2025-06-06&check_out=2025-06-08&children=0&infants=0&pets=0&photo_id=2166439982&source_impression_id=p3_1747739244_P3mumpReYY0GsUAt&previous_page_section_name=1000&federated_search_id=659f13bc-15b7-4cff-b4e5-07e0465c037e,Success,,1,,"10.7687,106.6828",32,,,,Hảo,,5,8,2 nam,https://www.airbnb.com.vn/users/show/499143070,6.666666666666667,0,0
132,Tahug house 022 (thang máy),https://www.airbnb.com.vn/rooms/1418060735031007186?adults=2&search_mode=regular_search&category_tag=Tag%3A8678&check_in=2025-06-13&check_out=2025-06-15&children=0&infants=0&pets=0&photo_id=2175849600&source_impression_id=p3_1747739244_P3yoXaHDZkKIJxZB&previous_page_section_name=1000&federated_search_id=659f13bc-15b7-4cff-b4e5-07e0465c037e,Success,,1,,"10.7727,106.6963",11,,3,5,Tài,,4.68,254,1 nam,https://www.airbnb.com.vn/users/show/544961443,50,0,14.130434782608695
133,RetroMetro Suite 1A phía trên một quán cà phê của Circadian,https://www.airbnb.com.vn/rooms/1370773174843931972?adults=2&search_mode=regular_search&check_in=2025-06-06&check_out=2025-06-08&children=0&infants=0&pets=0&source_impression_id=p3_1747739244_P3MQYfnyqxpp4Hms&previous_page_section_name=1000&federated_search_id=659f13bc-15b7-4cff-b4e5-07e0465c037e,Success,4,2,1,"10.7919627,106.6932929",56,Được khách yêu thích,7,5,Circadian,Chủ nhà siêu cấp,4.88,7953,8 nam,https://www.airbnb.com.vn/users/show/122829979,53.333333333333336,29.03225806451613,18.478260869565215
134,"Quận 3 - Min space, max living - Giữa Sài Gòn -301",https://www.airbnb.com.vn/rooms/1162134052177312851?adults=2&search_mode=regular_search&check_in=2025-05-30&check_out=2025-06-01&children=0&infants=0&pets=0&source_impression_id=p3_1747739244_P3GSHHPrt-EdpuXS&previous_page_section_name=1000&federated_search_id=659f13bc-15b7-4cff-b4e5-07e0465c037e,Failed,,,,,,,,,,,,,,,,,
135,202 Trung tâm thành phố Airy Cosy Netflix Phố đi bộ,https://www.airbnb.com.vn/rooms/1403371397448001805?adults=2&search_mode=regular_search&category_tag=Tag%3A8678&check_in=2025-05-23&check_out=2025-05-25&children=0&infants=0&pets=0&photo_id=2149449148&source_impression_id=p3_1747739244_P3bcEnjPGz1KcBCp&previous_page_section_name=1000&federated_search_id=659f13bc-15b7-4cff-b4e5-07e0465c037e,Success,,1,,"10.7656,106.6911",40,Được khách yêu thích,7,5,Divyansh,Chủ nhà siêu cấp,4.79,836,6 nam,https://www.airbnb.com.vn/users/show/92779913,16.666666666666664,0,0
136,Căn hộ 3✨ phòng ngủ4 lấp lánh và sang trọng @NTMK D3,https://www.airbnb.com.vn/rooms/15671318?adults=2&search_mode=regular_search&check_in=2025-05-23&check_out=2025-05-25&children=0&infants=0&pets=0&source_impression_id=p3_1747739244_P3DE1RvPY8evowhV&previous_page_section_name=1000&federated_search_id=659f13bc-15b7-4cff-b4e5-07e0465c037e,Success,2,2,1,"10.7724,106.6879",49,Được khách yêu thích,94,4.86,Alex,Chủ nhà siêu cấp,4.85,1695,9 nam,https://www.airbnb.com.vn/users/show/66840763,86.66666666666667,19.35483870967742,71.73913043478261
137,"Chum Cozy Saigon Studio, D.3, Gần The Palace",https://www.airbnb.com.vn/rooms/1385345317898397061?adults=2&search_mode=regular_search&check_in=2025-06-06&check_out=2025-06-08&children=0&infants=0&pets=0&source_impression_id=p3_1747739244_P3YRCQhSjeBTd0Tb&previous_page_section_name=1000&federated_search_id=659f13bc-15b7-4cff-b4e5-07e0465c037e,Success,2,1,1,"10.7831,106.6976",34,,2,,Van Tram,Chủ nhà siêu cấp,4.54,554,12 nam,https://www.airbnb.com.vn/users/show/7601656,73.33333333333333,0,0
138,Studio phong cách ở Quận 1/Hướng nhìn ra thành phố/Máy giặt và máy sấy,https://www.airbnb.com.vn/rooms/1389564403336100053?adults=2&search_mode=regular_search&category_tag=Tag%3A8678&check_in=2025-05-23&check_out=2025-05-25&children=0&infants=0&pets=0&photo_id=2134455772&source_impression_id=p3_1747739244_P3DXSqRYrGqxee_8&previous_page_section_name=1000&federated_search_id=659f13bc-15b7-4cff-b4e5-07e0465c037e,Success,,1,,"10.7681,106.6925",39,Được khách yêu thích,12,4.92,Chloe,Chủ nhà siêu cấp,4.93,40,3 thang,https://www.airbnb.com.vn/users/show/343599729,20,19.35483870967742,6.521739130434782
139,[FREE PICK UP]Căn Hộ 1PN Bồn tắm Gần Bùi Viện,https://www.airbnb.com.vn/rooms/1407077464318709595?adults=2&search_mode=regular_search&check_in=2025-05-30&check_out=2025-06-01&children=0&infants=0&pets=0&source_impression_id=p3_1747739244_P39oMUU720_VilqO&previous_page_section_name=1000&federated_search_id=659f13bc-15b7-4cff-b4e5-07e0465c037e,Success,3,1,1,"10.7673,106.6901",42,,5,5,Daisy,,4.74,1019,3 nam,https://www.airbnb.com.vn/users/show/474311025,13.333333333333334,0,0
140,Ngôi nhà hoàn toàn mới ở Quận 1 . Ấm cúng và hiện đại,https://www.airbnb.com.vn/rooms/1310844528304450472?adults=2&search_mode=regular_search&category_tag=Tag%3A8678&check_in=2025-05-23&check_out=2025-05-25&children=0&infants=0&pets=0&photo_id=2054093028&source_impression_id=p3_1747739244_P38d5X7OZT8ErnwN&previous_page_section_name=1000&federated_search_id=659f13bc-15b7-4cff-b4e5-07e0465c037e,Success,,2,,"10.79165,106.68812",36,,3,5,재호,Chủ nhà siêu cấp,4.96,28,5 thang,https://www.airbnb.com.vn/users/show/659200599,6.666666666666667,0,0
141,Nhà 3T,https://www.airbnb.com.vn/rooms/1422871300209382293?adults=2&search_mode=regular_search&category_tag=Tag%3A8678&check_in=2025-05-23&check_out=2025-05-25&children=0&infants=0&pets=0&photo_id=2176954772&source_impression_id=p3_1747739244_P33GfcojjmUV-IeT&previous_page_section_name=1000&federated_search_id=659f13bc-15b7-4cff-b4e5-07e0465c037e,Success,,1,,"10.7828705,106.6761468",29,,,,Tong,Chủ nhà siêu cấp,4.79,63,6 nam,https://www.airbnb.com.vn/users/show/22975149,6.666666666666667,0,0
142,Indochine 35m2 Suite|Bến Thành|Ban công|5' Bùi Viện,https://www.airbnb.com.vn/rooms/1228278034452410672?adults=2&search_mode=regular_search&category_tag=Tag%3A8678&check_in=2025-06-20&check_out=2025-06-22&children=0&infants=0&pets=0&photo_id=2101496588&source_impression_id=p3_1747739244_P3PNV6TKITfA40MM&previous_page_section_name=1000&federated_search_id=659f13bc-15b7-4cff-b4e5-07e0465c037e,Success,,1,,"10.7701,106.6899",24,,45,4.8,Hạnh,Chủ nhà siêu cấp,4.72,673,6 nam,https://www.airbnb.com.vn/users/show/235410945,43.333333333333336,0,0
143,Không gian cho người sáng tạo & làm việc từ xa,https://www.airbnb.com.vn/rooms/1203334198725922815?adults=2&search_mode=regular_search&category_tag=Tag%3A8678&check_in=2025-05-23&check_out=2025-05-25&children=0&infants=0&pets=0&photo_id=2146659263&source_impression_id=p3_1747739244_P3nAgwAxOwOAgPyH&previous_page_section_name=1000&federated_search_id=659f13bc-15b7-4cff-b4e5-07e0465c037e,Success,,1,,"10.7832,106.6859",39,Được khách yêu thích,22,4.73,Tiến,Chủ nhà siêu cấp,4.71,24,7 thang,https://www.airbnb.com.vn/users/show/373488243,6.666666666666667,0,0
144,Căn hộ 3 người có ban công ở trung tâm thành phố Sài Gòn,https://www.airbnb.com.vn/rooms/1293041322014944896?adults=2&search_mode=regular_search&check_in=2025-06-13&check_out=2025-06-15&children=0&infants=0&pets=0&source_impression_id=p3_1747739244_P3Fj3lhnIc_IdO2y&previous_page_section_name=1000&federated_search_id=659f13bc-15b7-4cff-b4e5-07e0465c037e,Success,3,2,1,"10.7762,106.6914",43,Được khách yêu thích,23,4.91,Yung,Chủ nhà siêu cấp,4.86,1747,11 nam,https://www.airbnb.com.vn/users/show/17530851,63.33333333333333,12.903225806451612,7.608695652173914
145,"Phòng 101, Chip Homestay & Studio",https://www.airbnb.com.vn/rooms/1346412899796430287?adults=2&search_mode=regular_search&check_in=2025-06-06&check_out=2025-06-08&children=0&infants=0&pets=0&source_impression_id=p3_1747739288_P3J2tKPnegDPKqJR&previous_page_section_name=1000&federated_search_id=845a3312-5015-477b-9a90-be98604adefd,Success,2,1,1,"10.7687438,106.6927659",37,Được khách yêu thích,10,4.9,Chip Homestay & Studio,Chủ nhà siêu cấp,4.81,84,4 thang,https://www.airbnb.com.vn/users/show/673691075,66.66666666666666,6.451612903225806,10.869565217391305
146,Căn hộ dịch vụ 1 phòng ngủ. Trung tâm thành phố Sài Gòn bên cạnh Công viên,https://www.airbnb.com.vn/rooms/1402935030339249536?adults=2&search_mode=regular_search&check_in=2025-05-23&check_out=2025-05-25&children=0&infants=0&pets=0&source_impression_id=p3_1747739288_P3cxXBiR0g1Eqial&previous_page_section_name=1000&federated_search_id=845a3312-5015-477b-9a90-be98604adefd,Success,3,1,1,"10.7768,106.6914",48,,4,5,Yung,Chủ nhà siêu cấp,4.86,1747,11 nam,https://www.airbnb.com.vn/users/show/17530851,6.666666666666667,0,0
147,Studio rộng rãi mới (3) 50m2 tại Trung tâm thành phố,https://www.airbnb.com.vn/rooms/829143534314927191?adults=2&search_mode=regular_search&check_in=2025-05-30&check_out=2025-06-01&children=0&infants=0&pets=0&source_impression_id=p3_1747739288_P3MS3yKNuaVd2Ub6&previous_page_section_name=1000&federated_search_id=845a3312-5015-477b-9a90-be98604adefd,Success,4,1,1,"10.78729,106.69246",39,Được khách yêu thích,51,4.88,Uyen,Chủ nhà siêu cấp,4.87,391,8 nam,https://www.airbnb.com.vn/users/show/102798571,26.666666666666668,9.677419355,3.260869565217391
148,Nhà tạo mẫu với 2 giường có thể đi bộ đến Chợ Bến Thành D1,https://www.airbnb.com.vn/rooms/640185614256363579?adults=2&search_mode=regular_search&check_in=2025-06-13&check_out=2025-06-15&children=0&infants=0&pets=0&source_impression_id=p3_1747739288_P3gnh6-mRk5rjMBb&previous_page_section_name=1000&federated_search_id=845a3312-5015-477b-9a90-be98604adefd,Success,2,1,1,"10.77067,106.68886",33,,80,4.56,Ben,Chủ nhà siêu cấp,4.62,10000,14 nam,https://www.airbnb.com.vn/users/show/1443279,70,0,0
149,"AustinHome#8_Lách/Bồn tắm lãng mạn,Ban công",https://www.airbnb.com.vn/rooms/48235895?adults=2&search_mode=regular_search&category_tag=Tag%3A8678&check_in=2025-05-30&check_out=2025-06-01&children=0&infants=0&pets=0&photo_id=1505488270&source_impression_id=p3_1747739288_P3nkOgVzt1sE8mp5&previous_page_section_name=1000&federated_search_id=845a3312-5015-477b-9a90-be98604adefd,Success,,1,,"10.76937,106.68326",47,Được khách yêu thích,132,4.98,Austin & Vanessa,Chủ nhà siêu cấp,4.95,1298,7 nam,https://www.airbnb.com.vn/users/show/126966244,56.666666666666664,3.225806451612903,8.695652173913043
150,Taibo House 011,https://www.airbnb.com.vn/rooms/1064229588525095854?adults=2&search_mode=regular_search&check_in=2025-06-06&check_out=2025-06-08&children=0&infants=0&pets=0&source_impression_id=p3_1747739288_P3DI6b13tetdwGAy&previous_page_section_name=1000&federated_search_id=845a3312-5015-477b-9a90-be98604adefd,Success,2,1,2,"10.7727,106.6962",14,,41,4.63,Tài,,4.68,254,1 nam,https://www.airbnb.com.vn/users/show/544961443,63.33333333333333,22.58064516129032,13.043478260869565
151,Căn hộ Le Boulevard-Charming 1BR dành cho du khách ở khu vực trung tâm,https://www.airbnb.com.vn/rooms/44005816?adults=2&search_mode=regular_search&check_in=2025-08-01&check_out=2025-08-03&children=0&infants=0&pets=0&source_impression_id=p3_1747739288_P3L8X5hG91wvHTjJ&previous_page_section_name=1000&federated_search_id=845a3312-5015-477b-9a90-be98604adefd,Success,2,1,1,"10.78113,106.69174",37,Được khách yêu thích,112,4.82,"Shell, Alice, Tee, Lyn And Aris",Chủ nhà siêu cấp,4.64,5467,9 nam,https://www.airbnb.com.vn/users/show/60005629,63.33333333333333,93.54838709677419,31.521739130434785
152,"1 phòng ngủ Ban công LargeStudio,Thang máy, 3 phút đến BT-Market",https://www.airbnb.com.vn/rooms/1312757633531424845?adults=2&search_mode=regular_search&check_in=2025-06-06&check_out=2025-06-08&children=0&infants=0&pets=0&source_impression_id=p3_1747739288_P3F1-SjEvxdEuQle&previous_page_section_name=1000&federated_search_id=845a3312-5015-477b-9a90-be98604adefd,Success,2,1,1,"10.7737,106.6957",40,Được khách yêu thích,25,5,My Hanh,Chủ nhà siêu cấp,4.93,158,1 nam,https://www.airbnb.com.vn/users/show/543053839,53.333333333333336,32.25806451612903,16.304347826086957
153,"Chợ Bến Thành, WiFi nhanh nhất và Netflix trên TV 49”",https://www.airbnb.com.vn/rooms/1037222902860119358?adults=2&search_mode=regular_search&check_in=2025-06-27&check_out=2025-06-29&children=0&infants=0&pets=0&source_impression_id=p3_1747739288_P3DdaMYkx5U75LgS&previous_page_section_name=1000&federated_search_id=845a3312-5015-477b-9a90-be98604adefd,Success,2,1,1,"10.7711,106.6927",33,Được khách yêu thích,112,4.86,Vy,Chủ nhà siêu cấp,4.86,112,2 nam,https://www.airbnb.com.vn/users/show/544377841,56.666666666666664,0,2.1739130434782608
154,Studio đẹp ở trung tâm D.1,https://www.airbnb.com.vn/rooms/947563216931610601?adults=2&search_mode=regular_search&category_tag=Tag%3A8678&check_in=2025-07-25&check_out=2025-07-27&children=0&infants=0&pets=0&photo_id=1709576695&source_impression_id=p3_1747739288_P3phsi9fEDYQHeEv&previous_page_section_name=1000&federated_search_id=845a3312-5015-477b-9a90-be98604adefd,Success,,1,,"10.7715,106.6915",36,Được khách yêu thích,136,4.99,Trang,Chủ nhà siêu cấp,4.99,212,2 nam,https://www.airbnb.com.vn/users/show/77709572,90,64.51612903225806,39.130434782608695
155,Centra D3| Studio riêng ấm cúng 30 m2 &Nhà bếp số2,https://www.airbnb.com.vn/rooms/875023022195980665?adults=2&search_mode=regular_search&check_in=2025-05-30&check_out=2025-06-01&children=0&infants=0&pets=0&source_impression_id=p3_1747739288_P3ghvM6y4ZLzvfGf&previous_page_section_name=1000&federated_search_id=845a3312-5015-477b-9a90-be98604adefd,Success,2,1,1,"10.7689,106.684",35,Được khách yêu thích,23,4.87,Ngoc Bich,,4.78,245,7 nam,https://www.airbnb.com.vn/users/show/151548975,80,100,100
156,Ngọc House 301,https://www.airbnb.com.vn/rooms/1301244136799481923?adults=2&search_mode=regular_search&category_tag=Tag%3A8678&check_in=2025-05-30&check_out=2025-06-01&children=0&infants=0&pets=0&photo_id=2039786986&source_impression_id=p3_1747739288_P3UVqOl7oxPjq2HU&previous_page_section_name=1000&federated_search_id=845a3312-5015-477b-9a90-be98604adefd,Success,,1,,"10.7712,106.6895",24,Được khách yêu thích,23,4.96,Ngoc,Chủ nhà siêu cấp,4.95,44,6 thang,https://www.airbnb.com.vn/users/show/664665850,6.666666666666667,0,0
157,Studio xanh với đầy đủ nội thất ở Trung tâm D1,https://www.airbnb.com.vn/rooms/1242546201519289886?adults=2&search_mode=regular_search&category_tag=Tag%3A8678&check_in=2025-05-30&check_out=2025-06-01&children=0&infants=0&pets=0&photo_id=1990921258&source_impression_id=p3_1747739288_P3p0KSTNVgJZs562&previous_page_section_name=1000&federated_search_id=845a3312-5015-477b-9a90-be98604adefd,Success,,1,,"10.7887,106.6966",45,,7,4.71,November House,Chủ nhà siêu cấp,4.75,36,11 thang,https://www.airbnb.com.vn/users/show/585992074,26.666666666666668,0,0
158,Chợ Bến Thành 100m - Ban công lớn - Netflix 90 inch,https://www.airbnb.com.vn/rooms/1097417188950284213?adults=2&search_mode=regular_search&check_in=2025-06-13&check_out=2025-06-15&children=0&infants=0&pets=0&source_impression_id=p3_1747739288_P3iF2mO7Wb4Ccfyr&previous_page_section_name=1000&federated_search_id=845a3312-5015-477b-9a90-be98604adefd,Success,2,1,1,"10.7733,106.6967",35,Được khách yêu thích,113,4.92,Kevin,Chủ nhà siêu cấp,4.95,414,2 nam,https://www.airbnb.com.vn/users/show/176125481,33.33333333333333,0,1.0869565217391304
159,Studio D1 - Quang cảnh tuyệt - Đi bộ mọi nơi,https://www.airbnb.com.vn/rooms/1226942658084036648?adults=2&search_mode=regular_search&check_in=2025-06-27&check_out=2025-06-29&children=0&infants=0&pets=0&source_impression_id=p3_1747739288_P3BmVtWeGXilepcY&previous_page_section_name=1000&federated_search_id=845a3312-5015-477b-9a90-be98604adefd,Success,2,1,1,"10.7724,106.6951",35,Được khách yêu thích,50,4.84,NU Apartment,Chủ nhà siêu cấp,4.82,768,1 nam,https://www.airbnb.com.vn/users/show/566526796,50,41.935483870967744,32.608695652173914
160,Studio 2 khách tuyệt vời đi bộ đến chợ Bến Thành,https://www.airbnb.com.vn/rooms/641020145807243120?adults=2&search_mode=regular_search&check_in=2025-06-27&check_out=2025-06-29&children=0&infants=0&pets=0&source_impression_id=p3_1747739288_P3kPSsWNJ7mazpHD&previous_page_section_name=1000&federated_search_id=845a3312-5015-477b-9a90-be98604adefd,Success,2,1,1,"10.7717,106.6898",39,,65,4.71,"Shell, Alice, Tee, Lyn And Aris",Chủ nhà siêu cấp,4.64,5467,9 nam,https://www.airbnb.com.vn/users/show/60005629,60,6.451612903225806,2.1739130434782608
161,"Quận 3, nhà HT.",https://www.airbnb.com.vn/rooms/1389025343954185926?adults=2&search_mode=regular_search&category_tag=Tag%3A8678&check_in=2025-06-20&check_out=2025-06-22&children=0&infants=0&pets=0&photo_id=2126128098&source_impression_id=p3_1747739288_P3743kasYS6O_soJ&previous_page_section_name=1000&federated_search_id=845a3312-5015-477b-9a90-be98604adefd,Success,,1,,"10.7836878,106.6750037",23,,,,Agena,,4.44,59,2 nam,https://www.airbnb.com.vn/users/show/332817526,63.33333333333333,0,0
162,Central Studio Tuyệt vời và Tiện lợi bởi Circername,https://www.airbnb.com.vn/rooms/714116421901644746?adults=2&search_mode=regular_search&check_in=2025-06-06&check_out=2025-06-08&children=0&infants=0&pets=0&source_impression_id=p3_1747739288_P3gZMWt4sKxvjA0E&previous_page_section_name=1000&federated_search_id=845a3312-5015-477b-9a90-be98604adefd,Success,2,1,1,"10.77067,106.69404",51,Được khách yêu thích,101,4.86,Circadian,Chủ nhà siêu cấp,4.88,7953,8 nam,https://www.airbnb.com.vn/users/show/122829979,46.666666666666664,19.35483870967742,13.043478260869565
163,Hearth and Home Studio (5 phút đến chợ Bến Thành),https://www.airbnb.com.vn/rooms/1365247264766705528?adults=2&search_mode=regular_search&check_in=2025-06-27&check_out=2025-06-29&children=0&infants=0&pets=0&source_impression_id=p3_1747739332_P3S8o5EfBFC6M8bB&previous_page_section_name=1000&federated_search_id=038a3ebe-25e5-4b63-944b-0920b07f2bb4,Success,2,1,1,"10.7745313,106.6952307",28,Được khách yêu thích,10,5,Quang Nam,,5,10,3 thang,https://www.airbnb.com.vn/users/show/681157762,50,41.935483870967744,18.478260869565215
164,"Căn hộ bên cạnh chợ Bến Thành, Ban công lớn.",https://www.airbnb.com.vn/rooms/967160826112639454?adults=2&search_mode=regular_search&check_in=2025-07-11&check_out=2025-07-13&children=0&infants=0&pets=0&source_impression_id=p3_1747739333_P33aR1YCd51n5PSW&previous_page_section_name=1000&federated_search_id=038a3ebe-25e5-4b63-944b-0920b07f2bb4,Success,2,2,1,"10.7722,106.6935",35,Được khách yêu thích,86,4.81,Golden House,,4.74,811,2 nam,https://www.airbnb.com.vn/users/show/534097581,76.66666666666667,19.35483870967742,19.565217391304348
165,Studio phong cách tọa lạc tại D.1,https://www.airbnb.com.vn/rooms/1116940794742975144?adults=2&search_mode=regular_search&category_tag=Tag%3A8678&check_in=2025-06-20&check_out=2025-06-22&children=0&infants=0&pets=0&photo_id=1871191435&source_impression_id=p3_1747739333_P3hyuSmLeQmdPK5L&previous_page_section_name=1000&federated_search_id=038a3ebe-25e5-4b63-944b-0920b07f2bb4,Success,,1,,"10.7715,106.6915",33,Được khách yêu thích,76,4.97,Trang,Chủ nhà siêu cấp,4.99,212,2 nam,https://www.airbnb.com.vn/users/show/77709572,53.333333333333336,0,10.869565217391305
166,Một căn hộ theo phong cách Scandinavia độc đáo ở Sài Gòn,https://www.airbnb.com.vn/rooms/29029407?adults=2&search_mode=regular_search&check_in=2025-06-13&check_out=2025-06-15&children=0&infants=0&pets=0&source_impression_id=p3_1747739333_P3wijOFHnpY5WmW0&previous_page_section_name=1000&federated_search_id=038a3ebe-25e5-4b63-944b-0920b07f2bb4,Success,2,1,1,"10.79062,106.68365",37,Được khách yêu thích,44,4.95,Vinh Phuc,Chủ nhà siêu cấp,4.86,372,9 nam,https://www.airbnb.com.vn/users/show/69755428,43.333333333333336,77.41935483870968,57.608695652173914
167,1br + Netflix + căn hộ trên sân thượng,https://www.airbnb.com.vn/rooms/44126231?adults=2&search_mode=regular_search&check_in=2025-05-30&check_out=2025-06-01&children=0&infants=0&pets=0&source_impression_id=p3_1747739333_P3JFZlGTTcJcUTGj&previous_page_section_name=1000&federated_search_id=038a3ebe-25e5-4b63-944b-0920b07f2bb4,Success,3,1,1,"10.78761,106.69201",20,,90,4.7,Mua,,4.76,852,5 nam,https://www.airbnb.com.vn/users/show/353044010,56.666666666666664,61.29032258064516,20.652173913043477
168,Căn hộ riêng Central D1 - The Story 04,https://www.airbnb.com.vn/rooms/1326047489618414566?adults=2&search_mode=regular_search&check_in=2025-06-20&check_out=2025-06-22&children=0&infants=0&pets=0&source_impression_id=p3_1747739333_P3KMkZwUOoj5o-7k&previous_page_section_name=1000&federated_search_id=038a3ebe-25e5-4b63-944b-0920b07f2bb4,Success,2,1,1,"10.7706,106.6925",21,Được khách yêu thích,12,5,Võ,Chủ nhà siêu cấp,4.81,491,2 nam,https://www.airbnb.com.vn/users/show/273053393,80,35.483870967741936,45.65217391304348
169,Studio 2 giường đáng yêu với Wi-Fi nhanh ở Quận 1,https://www.airbnb.com.vn/rooms/640886113586294261?adults=2&search_mode=regular_search&check_in=2025-07-04&check_out=2025-07-06&children=0&infants=0&pets=0&source_impression_id=p3_1747739333_P3HctDIG_oicCkWq&previous_page_section_name=1000&federated_search_id=038a3ebe-25e5-4b63-944b-0920b07f2bb4,Success,2,1,1,"10.7717,106.6898",33,Được khách yêu thích,160,4.78,Ben,Chủ nhà siêu cấp,4.62,10000,14 nam,https://www.airbnb.com.vn/users/show/1443279,76.66666666666667,16.129032258064516,10.869565217391305
170,Studio D1 - Rộng rãi - Chợ Bến Thành 200 m,https://www.airbnb.com.vn/rooms/1230988672186003860?adults=2&search_mode=regular_search&check_in=2025-06-20&check_out=2025-06-22&children=0&infants=0&pets=0&source_impression_id=p3_1747739333_P3fQAaGwk4yPWLtj&previous_page_section_name=1000&federated_search_id=038a3ebe-25e5-4b63-944b-0920b07f2bb4,Success,2,1,1,"10.7724,106.6951",40,,28,4.89,NU Apartment,Chủ nhà siêu cấp,4.82,768,1 nam,https://www.airbnb.com.vn/users/show/566526796,60,48.38709677419355,26.08695652173913
171,CHỢ BẾN THÀNH 50m - Ban công có tầm nhìn tuyệt vời - Netflix,https://www.airbnb.com.vn/rooms/1022205847460365424?adults=2&search_mode=regular_search&check_in=2025-06-20&check_out=2025-06-22&children=0&infants=0&pets=0&source_impression_id=p3_1747739333_P3xNtIHglNNBIGoo&previous_page_section_name=1000&federated_search_id=038a3ebe-25e5-4b63-944b-0920b07f2bb4,Success,2,1,1,"10.7726,106.6962",36,Được khách yêu thích,145,4.98,Kevin,Chủ nhà siêu cấp,4.95,414,2 nam,https://www.airbnb.com.vn/users/show/176125481,40,0,11.956521739130435
172,BT by Bloomin’ - Căn HỘ ấm cúng bên cạnh chợ Bến Thành,https://www.airbnb.com.vn/rooms/1364275735465792176?adults=2&search_mode=regular_search&check_in=2025-06-13&check_out=2025-06-15&children=0&infants=0&pets=0&source_impression_id=p3_1747739333_P3i8ZGBG_u-dBF66&previous_page_section_name=1000&federated_search_id=038a3ebe-25e5-4b63-944b-0920b07f2bb4,Success,3,1,1,"10.7741696,106.6970734",24,Được khách yêu thích,11,5,Tuan,Chủ nhà siêu cấp,4.91,66,2 nam,https://www.airbnb.com.vn/users/show/94373999,30,0,0
173,402 Máy chiếu Phố đi bộ trung tâm Lightful Airy,https://www.airbnb.com.vn/rooms/1403315980842646574?adults=2&search_mode=regular_search&category_tag=Tag%3A8678&check_in=2025-05-23&check_out=2025-05-25&children=0&infants=0&pets=0&photo_id=2149811251&source_impression_id=p3_1747739333_P3i2RcDFROu0EBGo&previous_page_section_name=1000&federated_search_id=038a3ebe-25e5-4b63-944b-0920b07f2bb4,Success,,1,,"10.7657,106.6912",40,,4,4.75,Divyansh,Chủ nhà siêu cấp,4.79,836,6 nam,https://www.airbnb.com.vn/users/show/92779913,20,0,0
174,Le Boulevard Apt-Modern 1BR With Fast Wi-Fi In D3,https://www.airbnb.com.vn/rooms/886629741159907263?adults=2&search_mode=regular_search&check_in=2025-06-06&check_out=2025-06-08&children=0&infants=0&pets=0&source_impression_id=p3_1747739333_P3tyG4AiR7TY7Upx&previous_page_section_name=1000&federated_search_id=038a3ebe-25e5-4b63-944b-0920b07f2bb4,Success,2,1,1,"10.7821,106.6926",34,Được khách yêu thích,25,4.76,"Shell, Alice, Tee, Lyn And Aris",Chủ nhà siêu cấp,4.64,5467,9 nam,https://www.airbnb.com.vn/users/show/60005629,36.666666666666664,0,0
175,Rộng rãi và ban công | 3 phút đến chợ Bến Thành,https://www.airbnb.com.vn/rooms/1136823159943702076?adults=2&search_mode=regular_search&check_in=2025-05-30&check_out=2025-06-01&children=0&infants=0&pets=0&source_impression_id=p3_1747739333_P3WKK5nb4dIwKJLu&previous_page_section_name=1000&federated_search_id=038a3ebe-25e5-4b63-944b-0920b07f2bb4,Success,5,,1,"10.7675,106.6961",28,Được khách yêu thích,58,4.84,Lucia,Chủ nhà siêu cấp,4.78,249,2 nam,https://www.airbnb.com.vn/users/show/505007982,16.666666666666664,9.677419355,3.260869565217391
176,Căn hộ dịch vụ 1 phòng ngủ. Trung tâm thành phố Sài Gòn bên cạnh Công viên,https://www.airbnb.com.vn/rooms/1403598950632085181?adults=2&search_mode=regular_search&check_in=2025-05-23&check_out=2025-05-25&children=0&infants=0&pets=0&source_impression_id=p3_1747739333_P3DB53hcR4u0oBTz&previous_page_section_name=1000&federated_search_id=038a3ebe-25e5-4b63-944b-0920b07f2bb4,Success,2,1,1,"10.7768,106.6914",48,,1,,Yung,Chủ nhà siêu cấp,4.86,1747,11 nam,https://www.airbnb.com.vn/users/show/17530851,23.333333333333332,0,0
177,Suite ở Central D1 - 5 phút là là đến chợ Bến Thành,https://www.airbnb.com.vn/rooms/43417375?adults=2&search_mode=regular_search&check_in=2025-05-30&check_out=2025-06-01&children=0&infants=0&pets=0&source_impression_id=p3_1747739333_P3WYBfmA3Tbb2l3X&previous_page_section_name=1000&federated_search_id=038a3ebe-25e5-4b63-944b-0920b07f2bb4,Success,2,1,1,"10.76937,106.69738",30,Được khách yêu thích,229,4.88,Trân,Chủ nhà siêu cấp,4.91,1397,9 nam,https://www.airbnb.com.vn/users/show/75425187,53.333333333333336,0,0
178,R1-Cozy-Privatekitchen -Netflix-backpacker street,https://www.airbnb.com.vn/rooms/39656031?adults=2&search_mode=regular_search&category_tag=Tag%3A8678&check_in=2025-08-01&check_out=2025-08-03&children=0&infants=0&pets=0&photo_id=1951067849&source_impression_id=p3_1747739333_P3GOfpmHGjDvcXAi&previous_page_section_name=1000&federated_search_id=038a3ebe-25e5-4b63-944b-0920b07f2bb4,Success,,1,,"10.7666,106.6845",39,,75,4.8,Divyansh,Chủ nhà siêu cấp,4.79,836,6 nam,https://www.airbnb.com.vn/users/show/92779913,93.33333333333333,80.64516129032258,51.08695652173913
179,Cảm giác như ở nhà tại trung tâm TP.HCM,https://www.airbnb.com.vn/rooms/16548293?adults=2&search_mode=regular_search&category_tag=Tag%3A8678&check_in=2025-06-20&check_out=2025-06-22&children=0&infants=0&pets=0&photo_id=249315024&source_impression_id=p3_1747739333_P3mtSm0EoOixH7WO&previous_page_section_name=1000&federated_search_id=038a3ebe-25e5-4b63-944b-0920b07f2bb4,Success,,1,,"10.7875,106.69238",27,Được khách yêu thích,95,4.85,Hong Yen,Chủ nhà siêu cấp,4.86,436,10 nam,https://www.airbnb.com.vn/users/show/24131073,73.33333333333333,35.483870967741936,11.956521739130435
180,"Quận 3 - Phòng ấm cúng, khu phố thân thiện - 1",https://www.airbnb.com.vn/rooms/937280711417956369?adults=2&search_mode=regular_search&check_in=2025-06-06&check_out=2025-06-08&children=0&infants=0&pets=0&source_impression_id=p3_1747739333_P3vOYT56awq5M6eX&previous_page_section_name=1000&federated_search_id=038a3ebe-25e5-4b63-944b-0920b07f2bb4,Success,2,1,1,"10.787,106.6853",23,,19,4.74,Nana,Chủ nhà siêu cấp,4.88,184,2 nam,https://www.airbnb.com.vn/users/show/537266508,60,83.87096774193549,28.26086956521739
181,Studio rộng rãi mới (2) 50m2 tại Trung tâm thành phố,https://www.airbnb.com.vn/rooms/828525159993929479?adults=2&search_mode=regular_search&check_in=2025-05-30&check_out=2025-06-01&children=0&infants=0&pets=0&source_impression_id=p3_1747739377_P3sImGHMxFbYn6vL&previous_page_section_name=1000&federated_search_id=abfec3a9-abc0-471b-8096-cb06daf307d8,Success,4,1,1,"10.7879,106.6918",45,Được khách yêu thích,24,4.88,Uyen,Chủ nhà siêu cấp,4.87,391,8 nam,https://www.airbnb.com.vn/users/show/102798571,100,54.83870967741935,18.478260869565215
182,The Arrivals - Bảo tàng gần chiến tranh,https://www.airbnb.com.vn/rooms/1206923282516380016?adults=2&search_mode=regular_search&category_tag=Tag%3A8678&check_in=2025-05-23&check_out=2025-05-25&children=0&infants=0&pets=0&photo_id=1959200682&source_impression_id=p3_1747739377_P3nEz5PaE6-BtT3l&previous_page_section_name=1000&federated_search_id=abfec3a9-abc0-471b-8096-cb06daf307d8,Success,,1,,"10.77682,106.69082",44,,6,4.5,Nhung,,4.64,140,6 nam,https://www.airbnb.com.vn/users/show/299207096,6.666666666666667,0,0
183,M.P Q.3 (gần La Vela SG) #2.1#balcony#private W.C,https://www.airbnb.com.vn/rooms/851700861429111976?adults=2&search_mode=regular_search&category_tag=Tag%3A8678&check_in=2025-05-23&check_out=2025-05-25&children=0&infants=0&pets=0&photo_id=1610822405&source_impression_id=p3_1747739377_P3nBKzJyvSYsXLfe&previous_page_section_name=1000&federated_search_id=abfec3a9-abc0-471b-8096-cb06daf307d8,Success,,1,,"10.7862,106.684",26,,61,4.77,Phương,,4.76,348,3 nam,https://www.airbnb.com.vn/users/show/484463055,23.333333333333332,0,0
184,Broken Rice Quận 1 | Sống như người bản địa,https://www.airbnb.com.vn/rooms/42648878?adults=2&search_mode=regular_search&check_in=2025-06-06&check_out=2025-06-08&children=0&infants=0&pets=0&source_impression_id=p3_1747739377_P36C-2dCycqj5mKY&previous_page_section_name=1000&federated_search_id=abfec3a9-abc0-471b-8096-cb06daf307d8,Success,4,2,1,"10.76824,106.69674",28,,84,4.81,Ngoc,Chủ nhà siêu cấp,4.86,140,6 nam,https://www.airbnb.com.vn/users/show/288829801,56.666666666666664,0,3.260869565217391
185,#201 Phòng gần sân bay| Giặt ủi MIỄN PHÍ | Nhà vệ sinh chung,https://www.airbnb.com.vn/rooms/1066426418987278995?adults=2&search_mode=regular_search&category_tag=Tag%3A8678&check_in=2025-06-13&check_out=2025-06-15&children=0&infants=0&pets=0&photo_id=1818098408&source_impression_id=p3_1747739377_P3srxv8P9CSH10ov&previous_page_section_name=1000&federated_search_id=abfec3a9-abc0-471b-8096-cb06daf307d8,Success,,,,"10.79119,106.67146",26,Được khách yêu thích,76,4.95,Hai,Chủ nhà siêu cấp,4.93,398,1 nam,https://www.airbnb.com.vn/users/show/479055797,36.666666666666664,0,0
186,Studio tại Trung tâm - 5 phút đi bộ đến Bến Thành,https://www.airbnb.com.vn/rooms/584636308359563950?adults=2&search_mode=regular_search&check_in=2025-08-08&check_out=2025-08-10&children=0&infants=0&pets=0&source_impression_id=p3_1747739377_P3_9WSOjVCcaVrgP&previous_page_section_name=1000&federated_search_id=abfec3a9-abc0-471b-8096-cb06daf307d8,Success,2,1,1,"10.76668,106.69585",17,,43,4.63,Hang,,4.43,1331,6 nam,https://www.airbnb.com.vn/users/show/262562522,100,100,39.130434782608695
187,57P3F-SweetHeart ở Sài Gòn,https://www.airbnb.com.vn/rooms/1352051887819665757?adults=2&search_mode=regular_search&check_in=2025-06-06&check_out=2025-06-08&children=0&infants=0&pets=0&source_impression_id=p3_1747739377_P3v4O2qgr54_a8a2&previous_page_section_name=1000&federated_search_id=abfec3a9-abc0-471b-8096-cb06daf307d8,Success,2,1,1,"10.7779282,106.6974091",38,Được khách yêu thích,12,5,Tran,Chủ nhà siêu cấp,4.89,244,2 nam,https://www.airbnb.com.vn/users/show/491739530,63.33333333333333,19.35483870967742,6.521739130434782
188,Phòng ấm cúng có giường King - Gần chợ Bến Thành,https://www.airbnb.com.vn/rooms/29694058?adults=2&search_mode=regular_search&check_in=2025-05-23&check_out=2025-05-25&children=0&infants=0&pets=0&source_impression_id=p3_1747739377_P3AFQ9adnZUZeN6j&previous_page_section_name=1000&federated_search_id=abfec3a9-abc0-471b-8096-cb06daf307d8,Success,2,1,1,"10.7702,106.6928",34,,154,4.47,Hậu,Chủ nhà siêu cấp,4.57,649,7 nam,https://www.airbnb.com.vn/users/show/223113097,6.666666666666667,0,0
189,"Phòng ấm cúng gần sân bay TSN, Quận 1",https://www.airbnb.com.vn/rooms/1205516387929766889?adults=2&search_mode=regular_search&category_tag=Tag%3A8678&check_in=2025-05-23&check_out=2025-05-25&children=0&infants=0&pets=0&photo_id=1957692716&source_impression_id=p3_1747739377_P3Vf8XPdx-p4FlDN&previous_page_section_name=1000&federated_search_id=abfec3a9-abc0-471b-8096-cb06daf307d8,Success,,1,,"10.7914,106.6729",22,,42,4.76,Phước Hạnh,,4.83,64,2 nam,https://www.airbnb.com.vn/users/show/478776933,10,0,0
190,Studio hoàn toàn mới - có thể đi bộ đến chợ Bến Thành,https://www.airbnb.com.vn/rooms/997507441435020883?adults=2&search_mode=regular_search&check_in=2025-06-20&check_out=2025-06-22&children=0&infants=0&pets=0&source_impression_id=p3_1747739377_P3-pH9j2ZrMXtg8w&previous_page_section_name=1000&federated_search_id=abfec3a9-abc0-471b-8096-cb06daf307d8,Success,2,2,1,"10.7725,106.68931",34,,127,4.72,Ben,Chủ nhà siêu cấp,4.62,10000,14 nam,https://www.airbnb.com.vn/users/show/1443279,66.66666666666666,67.74193548387096,31.521739130434785
191,Studio hoàn toàn mới - hiện đại có thể đi bộ đến Bến Thành D1,https://www.airbnb.com.vn/rooms/996792417005463887?adults=2&search_mode=regular_search&check_in=2025-06-27&check_out=2025-06-29&children=0&infants=0&pets=0&source_impression_id=p3_1747739377_P3YnF43qrZmHpWjl&previous_page_section_name=1000&federated_search_id=abfec3a9-abc0-471b-8096-cb06daf307d8,Success,2,1,1,"10.77219,106.691",35,Được khách yêu thích,161,4.8,Ben,Chủ nhà siêu cấp,4.62,10000,14 nam,https://www.airbnb.com.vn/users/show/1443279,23.333333333333332,54.83870967741935,27.173913043478258
192,Studio rộng rãi mới (4) 50 m2 ở trung tâm thành phố trung tâm thành phố,https://www.airbnb.com.vn/rooms/828435214365409234?adults=2&search_mode=regular_search&check_in=2025-05-30&check_out=2025-06-01&children=0&infants=0&pets=0&source_impression_id=p3_1747739377_P3t4n9zakPVoFZmo&previous_page_section_name=1000&federated_search_id=abfec3a9-abc0-471b-8096-cb06daf307d8,Success,4,1,1,"10.78907,106.69085",44,Được khách yêu thích,38,4.84,Uyen,Chủ nhà siêu cấp,4.87,391,8 nam,https://www.airbnb.com.vn/users/show/102798571,13.333333333333334,12.903225806451612,4.3478260869565215
193,Phòng riêng tại trung tâm quận 3,https://www.airbnb.com.vn/rooms/23983243?adults=2&search_mode=regular_search&category_tag=Tag%3A8678&check_in=2025-07-11&check_out=2025-07-13&children=0&infants=0&pets=0&photo_id=495283363&source_impression_id=p3_1747739377_P3RFSSvUc6Hq2kZp&previous_page_section_name=1000&federated_search_id=abfec3a9-abc0-471b-8096-cb06daf307d8,Success,,1,,"10.7872,106.6748",28,,95,4.83,Hao,,4.83,95,7 nam,https://www.airbnb.com.vn/users/show/28903071,100,19.35483870967742,6.521739130434782
194,Taibo House 012,https://www.airbnb.com.vn/rooms/1071370453780399924?adults=2&search_mode=regular_search&category_tag=Tag%3A8678&check_in=2025-06-06&check_out=2025-06-08&children=0&infants=0&pets=0&photo_id=1822891198&source_impression_id=p3_1747739377_P3OrXFrS7OA9vPfD&previous_page_section_name=1000&federated_search_id=abfec3a9-abc0-471b-8096-cb06daf307d8,Success,,1,,"10.77178,106.69747",20,,47,4.51,Tài,,4.68,254,1 nam,https://www.airbnb.com.vn/users/show/544961443,40,12.903225806451612,4.3478260869565215
195,I 'n' s,https://www.airbnb.com.vn/rooms/725553232638263383?adults=2&search_mode=regular_search&check_in=2025-05-30&check_out=2025-06-01&children=0&infants=0&pets=0&source_impression_id=p3_1747739377_P3xRmPAagKicDI6T&previous_page_section_name=1000&federated_search_id=abfec3a9-abc0-471b-8096-cb06daf307d8,Success,5,2,,"10.77064,106.69469",42,,134,4.6,Saigon Hideout,,4.71,4393,7 nam,https://www.airbnb.com.vn/users/show/132733770,6.666666666666667,0,0
196,Phòng trung tâm thương mại địa phương ở Quận 1,https://www.airbnb.com.vn/rooms/1402665986215866805?adults=2&search_mode=regular_search&category_tag=Tag%3A8678&check_in=2025-05-23&check_out=2025-05-25&children=0&infants=0&pets=0&photo_id=2144257413&source_impression_id=p3_1747739377_P3Nlw-wVN2S0VuPH&previous_page_section_name=1000&federated_search_id=abfec3a9-abc0-471b-8096-cb06daf307d8,Success,,1,,"10.7894666,106.6889942",7,,2,,Nguyen Ngoc,,5,2,1 thang,https://www.airbnb.com.vn/users/show/686908986,6.666666666666667,0,0
197,TienanHome - Little Japan @ Benthanh,https://www.airbnb.com.vn/rooms/617174396321396339?adults=2&search_mode=regular_search&check_in=2025-05-30&check_out=2025-06-01&children=0&infants=0&pets=0&source_impression_id=p3_1747739377_P3PHhR2Kl_hbRQn3&previous_page_section_name=1000&federated_search_id=abfec3a9-abc0-471b-8096-cb06daf307d8,Success,2,1,1,"10.7718,106.6965",20,,179,4.78,Khang,Chủ nhà siêu cấp,4.83,934,5 nam,https://www.airbnb.com.vn/users/show/332620975,30,96.77419355,98.91304347826086
198,Nice Studio gần Bến Thành Distric 1,https://www.airbnb.com.vn/rooms/643007443581736107?adults=2&search_mode=regular_search&check_in=2025-09-12&check_out=2025-09-14&children=0&infants=0&pets=0&source_impression_id=p3_1747739377_P3SnnQBOGrD3ZnmL&previous_page_section_name=1000&federated_search_id=abfec3a9-abc0-471b-8096-cb06daf307d8,Success,2,1,1,"10.76677,106.69579",15,,44,4.55,Hang,,4.43,1331,6 nam,https://www.airbnb.com.vn/users/show/262562522,100,100,76.08695652173914
199,♛ NETFLIX ♛ MIỄN PHÍ thanh lịch 1br @central D3 ♛,https://www.airbnb.com.vn/rooms/44401639?adults=2&search_mode=regular_search&check_in=2025-05-30&check_out=2025-06-01&children=0&infants=0&pets=0&source_impression_id=p3_1747739421_P37MRvYgW-_dayE9&previous_page_section_name=1000&federated_search_id=92c03ac5-838c-4978-8d3a-6112460a02ce,Success,2,1,1,"10.78558,106.69234",21,,69,4.72,Mua,,4.76,852,5 nam,https://www.airbnb.com.vn/users/show/353044010,23.333333333333332,0,0
200,Hà-Nội Studio gần đường Buivien | Em's Home 7,https://www.airbnb.com.vn/rooms/1414628367540483918?adults=2&search_mode=regular_search&check_in=2025-05-23&check_out=2025-05-25&children=0&infants=0&pets=0&source_impression_id=p3_1747739421_P3CdJY0VKXOJWe77&previous_page_section_name=1000&federated_search_id=92c03ac5-838c-4978-8d3a-6112460a02ce,Success,2,1,1,"10.7668696,106.6901306",37,,1,,Thy,Chủ nhà siêu cấp,4.99,212,9 thang,https://www.airbnb.com.vn/users/show/473383571,33.33333333333333,0,0
201,Căn hộ đáng yêu ban công lớn Netflix miễn phí và phòng dịch vụ,https://www.airbnb.com.vn/rooms/1421003946263006214?adults=2&search_mode=regular_search&check_in=2025-05-23&check_out=2025-05-25&children=0&infants=0&pets=0&source_impression_id=p3_1747739421_P3rt79OnCgICINkQ&previous_page_section_name=1000&federated_search_id=92c03ac5-838c-4978-8d3a-6112460a02ce,Failed,,,,,,,,,,,,,,,,,
202,402 Máy chiếu Phố đi bộ trung tâm Lightful Airy,https://www.airbnb.com.vn/rooms/1403315980842646574?adults=2&search_mode=regular_search&category_tag=Tag%3A8678&check_in=2025-05-23&check_out=2025-05-25&children=0&infants=0&pets=0&photo_id=2149811251&source_impression_id=p3_1747739421_P3unmpfc7fdgdaSt&previous_page_section_name=1000&federated_search_id=92c03ac5-838c-4978-8d3a-6112460a02ce,Success,,1,,"10.7657,106.6912",40,,4,4.75,Divyansh,Chủ nhà siêu cấp,4.79,836,6 nam,https://www.airbnb.com.vn/users/show/92779913,20,0,0
203,Phòng 528Hz - 1 giường cho 2 người - Pinterest ngoài đời thực,https://www.airbnb.com.vn/rooms/1410866127730549407?adults=2&search_mode=regular_search&category_tag=Tag%3A8678&check_in=2025-05-30&check_out=2025-06-01&children=0&infants=0&pets=0&photo_id=2156909557&source_impression_id=p3_1747739421_P3T7_bcfQs6yVqeP&previous_page_section_name=1000&federated_search_id=92c03ac5-838c-4978-8d3a-6112460a02ce,Success,,1,,"10.7739921,106.6811034",32,,,,Archy,Chủ nhà siêu cấp,5,10,6 thang,https://www.airbnb.com.vn/users/show/396321387,23.333333333333332,0,1.0869565217391304
204,Black & White - Căn Phòng Đơn Giản Ấm Cúng Quận 3,https://www.airbnb.com.vn/rooms/846625131840890406?adults=2&search_mode=regular_search&category_tag=Tag%3A8678&check_in=2025-05-30&check_out=2025-06-01&children=0&infants=0&pets=0&photo_id=1872804551&source_impression_id=p3_1747739421_P3OzAzpJYlx4Hb_3&previous_page_section_name=1000&federated_search_id=92c03ac5-838c-4978-8d3a-6112460a02ce,Success,,2,,"10.7867,106.6861",42,Được khách yêu thích,31,5,Trang,Chủ nhà siêu cấp,4.82,342,2 nam,https://www.airbnb.com.vn/users/show/505290025,13.333333333333334,12.903225806451612,4.3478260869565215
205,Xi-Măng Studio gần đường Buivien | Em's Home 2,https://www.airbnb.com.vn/rooms/1235381201807167628?adults=2&search_mode=regular_search&check_in=2025-06-06&check_out=2025-06-08&children=0&infants=0&pets=0&source_impression_id=p3_1747739421_P3kaN4j0I9wzaol9&previous_page_section_name=1000&federated_search_id=92c03ac5-838c-4978-8d3a-6112460a02ce,Success,2,1,1,"10.7658,106.689",36,Được khách yêu thích,63,4.97,Thy,Chủ nhà siêu cấp,4.99,212,9 thang,https://www.airbnb.com.vn/users/show/473383571,30,32.25806451612903,16.304347826086957
206,Phòng sang trọng và ấm cúng trong D1/Máy giặt và máy sấy,https://www.airbnb.com.vn/rooms/1413740441162783613?adults=2&search_mode=regular_search&category_tag=Tag%3A8678&check_in=2025-05-23&check_out=2025-05-25&children=0&infants=0&pets=0&photo_id=2164862053&source_impression_id=p3_1747739421_P394-VSCzs_-4J3z&previous_page_section_name=1000&federated_search_id=92c03ac5-838c-4978-8d3a-6112460a02ce,Success,,1,,"10.76852,106.69202",39,Được khách yêu thích,6,5,Chloe,Chủ nhà siêu cấp,4.93,40,3 thang,https://www.airbnb.com.vn/users/show/343599729,20,0,0
207,Căn hộ nghỉ lễ - 2 phòng ngủ phong cách với ban công riêng ở Quận 3,https://www.airbnb.com.vn/rooms/1061307608965152060?adults=2&search_mode=regular_search&check_in=2025-06-06&check_out=2025-06-08&children=0&infants=0&pets=0&source_impression_id=p3_1747739421_P3lxdN6FjScoufdu&previous_page_section_name=1000&federated_search_id=92c03ac5-838c-4978-8d3a-6112460a02ce,Success,4,2,1,"10.7886481,106.6850508",37,Được khách yêu thích,10,5,"Helene, Dylan, Spring, Alex And",Chủ nhà siêu cấp,4.77,828,7 nam,https://www.airbnb.com.vn/users/show/177112381,56.666666666666664,3.225806451612903,2.1739130434782608
208,Một căn hộ theo phong cách Scandinavia độc đáo ở Sài Gòn,https://www.airbnb.com.vn/rooms/29029407?adults=2&search_mode=regular_search&check_in=2025-06-13&check_out=2025-06-15&children=0&infants=0&pets=0&source_impression_id=p3_1747739421_P3MDdjAz1LIKlaY3&previous_page_section_name=1000&federated_search_id=92c03ac5-838c-4978-8d3a-6112460a02ce,Success,2,1,1,"10.79062,106.68365",37,Được khách yêu thích,44,4.95,Vinh Phuc,Chủ nhà siêu cấp,4.86,372,9 nam,https://www.airbnb.com.vn/users/show/69755428,43.333333333333336,77.41935483870968,57.608695652173914
209,Căn hộ rộng rãi có bếp,https://www.airbnb.com.vn/rooms/1415236463108357716?adults=2&search_mode=regular_search&category_tag=Tag%3A8678&check_in=2025-07-11&check_out=2025-07-13&children=0&infants=0&pets=0&photo_id=2164251434&source_impression_id=p3_1747739421_P30oMlP7cLV5mhup&previous_page_section_name=1000&federated_search_id=92c03ac5-838c-4978-8d3a-6112460a02ce,Success,,1,,"10.772,106.6936",12,,,,Nguyen,,5,1,,https://www.airbnb.com.vn/users/show/693814081,100,12.903225806451612,4.3478260869565215
210,RetroMetro Suite 1B phía trên một quán cà phê của Circadian,https://www.airbnb.com.vn/rooms/1370773898956160356?adults=2&search_mode=regular_search&check_in=2025-06-13&check_out=2025-06-15&children=0&infants=0&pets=0&source_impression_id=p3_1747739421_P3PEE1eoTf7SFxzB&previous_page_section_name=1000&federated_search_id=92c03ac5-838c-4978-8d3a-6112460a02ce,Success,2,1,1,"10.7909319,106.6944788",55,Được khách yêu thích,6,5,Circadian,Chủ nhà siêu cấp,4.88,7953,8 nam,https://www.airbnb.com.vn/users/show/122829979,53.333333333333336,0,0
211,Phòng 285Hz - 1 giường cho 2 người - Pinterest ngoài đời thực,https://www.airbnb.com.vn/rooms/1414894309353850553?adults=2&search_mode=regular_search&category_tag=Tag%3A8678&check_in=2025-06-20&check_out=2025-06-22&children=0&infants=0&pets=0&photo_id=2163694289&source_impression_id=p3_1747739421_P3qggKgACSAG6bQx&previous_page_section_name=1000&federated_search_id=92c03ac5-838c-4978-8d3a-6112460a02ce,Success,,1,,"10.7726803,106.6809603",37,,1,,Archy,Chủ nhà siêu cấp,5,10,6 thang,https://www.airbnb.com.vn/users/show/396321387,46.666666666666664,9.677419355,10.869565217391305
212,Phòng 417Hz - 1 giường cho 2 người - Pinterest ngoài đời thực,https://www.airbnb.com.vn/rooms/1395839759050401736?adults=2&search_mode=regular_search&category_tag=Tag%3A8678&check_in=2025-06-13&check_out=2025-06-15&children=0&infants=0&pets=0&photo_id=2133493674&source_impression_id=p3_1747739421_P3MDNoQru21cl6cO&previous_page_section_name=1000&federated_search_id=92c03ac5-838c-4978-8d3a-6112460a02ce,Success,,1,,"10.774108,106.681931",33,,1,,Archy,Chủ nhà siêu cấp,5,10,6 thang,https://www.airbnb.com.vn/users/show/396321387,33.33333333333333,0,0
213,Đi bộ đến núi Central Studio đến Bến Thành bằng xe BUÝT,https://www.airbnb.com.vn/rooms/42237000?adults=2&search_mode=regular_search&check_in=2025-06-06&check_out=2025-06-08&children=0&infants=0&pets=0&source_impression_id=p3_1747739421_P3rxgST0Rv_hxuBB&previous_page_section_name=1000&federated_search_id=92c03ac5-838c-4978-8d3a-6112460a02ce,Success,2,1,1,"10.7708,106.69363",49,Được khách yêu thích,190,4.88,Circadian,Chủ nhà siêu cấp,4.88,7953,8 nam,https://www.airbnb.com.vn/users/show/122829979,33.33333333333333,0,2.1739130434782608
214,"H""Home: Căn hộ mới có ban công, thang máy quận 1",https://www.airbnb.com.vn/rooms/1414829799066184421?adults=2&search_mode=regular_search&category_tag=Tag%3A8678&check_in=2025-05-30&check_out=2025-06-01&children=0&infants=0&pets=0&photo_id=2163626275&source_impression_id=p3_1747739421_P36tbZq4KfcWNOm2&previous_page_section_name=1000&federated_search_id=92c03ac5-838c-4978-8d3a-6112460a02ce,Success,,1,,"10.7656,106.6975",35,,1,,Hoàng,,4.94,17,11 thang,https://www.airbnb.com.vn/users/show/294823389,30,0,0
215,Studio D1 - Rộng rãi - 200m Bến Thành - Trung tâm thành phố,https://www.airbnb.com.vn/rooms/1273950984666004188?adults=2&search_mode=regular_search&check_in=2025-05-23&check_out=2025-05-25&children=0&infants=0&pets=0&source_impression_id=p3_1747739421_P3hlNA3EdAo-DVCo&previous_page_section_name=1000&federated_search_id=92c03ac5-838c-4978-8d3a-6112460a02ce,Success,2,1,1,"10.7724,106.6951",35,Được khách yêu thích,41,4.88,NU Apartment,Chủ nhà siêu cấp,4.82,768,1 nam,https://www.airbnb.com.vn/users/show/566526796,73.33333333333333,58.06451612903226,46.73913043478261
216,"Studio 1 phòng ngủ rộng rãi. Lối thoát riêng, kiểu dáng đẹp và ấm cúng",https://www.airbnb.com.vn/rooms/1310837483510630407?adults=2&search_mode=regular_search&category_tag=Tag%3A8678&check_in=2025-05-23&check_out=2025-05-25&children=0&infants=0&pets=0&photo_id=2054090416&source_impression_id=p3_1747739421_P3GAt-C2xJ8W-NpZ&previous_page_section_name=1000&federated_search_id=92c03ac5-838c-4978-8d3a-6112460a02ce,Success,,2,,"10.7893,106.68723",38,,3,5,재호,Chủ nhà siêu cấp,4.96,28,5 thang,https://www.airbnb.com.vn/users/show/659200599,6.666666666666667,0,0
217,The RetroMetro Suite 3A Ban công+Quán cà phê của Circadian,https://www.airbnb.com.vn/rooms/1370773603284937463?adults=2&search_mode=regular_search&check_in=2025-05-30&check_out=2025-06-01&children=0&infants=0&pets=0&source_impression_id=p3_1747739465_P3JYTyqggIaV2WHb&previous_page_section_name=1000&federated_search_id=37d636c0-8735-4b21-9ba6-7b22b421f9aa,Success,2,1,1,"10.7914598,106.6945565",56,Được khách yêu thích,9,5,Circadian,Chủ nhà siêu cấp,4.88,7953,8 nam,https://www.airbnb.com.vn/users/show/122829979,26.666666666666668,29.03225806451613,9.782608695652174
218,Taibo House 022,https://www.airbnb.com.vn/rooms/1071386066783051630?adults=2&search_mode=regular_search&check_in=2025-06-20&check_out=2025-06-22&children=0&infants=0&pets=0&source_impression_id=p3_1747739465_P32cdj3VYonEHCrH&previous_page_section_name=1000&federated_search_id=37d636c0-8735-4b21-9ba6-7b22b421f9aa,Success,2,1,,"10.7728,106.6963",13,,53,4.7,Tài,,4.68,254,1 nam,https://www.airbnb.com.vn/users/show/544961443,83.33333333333334,16.129032258064516,5.434782608695652
219,Căn hộ ở trung tâm Quận 3,https://www.airbnb.com.vn/rooms/864376379819429118?adults=2&search_mode=regular_search&check_in=2025-06-13&check_out=2025-06-15&children=0&infants=0&pets=0&source_impression_id=p3_1747739465_P3qTvvmVt3bEfmNb&previous_page_section_name=1000&federated_search_id=37d636c0-8735-4b21-9ba6-7b22b421f9aa,Success,2,1,1,"10.7861,106.6925",48,,6,5,Tronibi,Chủ nhà siêu cấp,4.77,106,2 nam,https://www.airbnb.com.vn/users/show/507750176,36.666666666666664,0,0
220,"P""m""P. 18 : Đá cẩm thạch ẩn trên tầng thượng Glorious",https://www.airbnb.com.vn/rooms/927469887311755470?adults=2&search_mode=regular_search&check_in=2025-05-30&check_out=2025-06-01&children=0&infants=0&pets=0&source_impression_id=p3_1747739465_P3i7VSyDL5HtuQAD&previous_page_section_name=1000&federated_search_id=37d636c0-8735-4b21-9ba6-7b22b421f9aa,Success,2,1,1,"10.7657,106.6882",34,Được khách yêu thích,170,4.98,Anh,Chủ nhà siêu cấp,4.93,5368,8 nam,https://www.airbnb.com.vn/users/show/118444724,56.666666666666664,38.70967741935484,29.347826086956523
221,"Phòng 202, Chip Homestay & Studio",https://www.airbnb.com.vn/rooms/1346424186031697563?adults=2&search_mode=regular_search&check_in=2025-06-13&check_out=2025-06-15&children=0&infants=0&pets=0&source_impression_id=p3_1747739465_P3DDx_0OT0ECmDT2&previous_page_section_name=1000&federated_search_id=37d636c0-8735-4b21-9ba6-7b22b421f9aa,Success,2,1,1,"10.7708076,106.6911752",36,Được khách yêu thích,16,5,Chip Homestay & Studio,Chủ nhà siêu cấp,4.81,84,4 thang,https://www.airbnb.com.vn/users/show/673691075,16.666666666666664,45.16129032258064,40.21739130434783
222,#102 Phòng ấm cúng gần sân bay|Máy chiếu Netflix,https://www.airbnb.com.vn/rooms/1083144918082203623?adults=2&search_mode=regular_search&check_in=2025-06-06&check_out=2025-06-08&children=0&infants=0&pets=0&source_impression_id=p3_1747739465_P3mU7mtPFh9cPHmu&previous_page_section_name=1000&federated_search_id=37d636c0-8735-4b21-9ba6-7b22b421f9aa,Success,2,,1,"10.7923,106.6718",25,Được khách yêu thích,67,4.88,Hai,Chủ nhà siêu cấp,4.93,398,1 nam,https://www.airbnb.com.vn/users/show/479055797,6.666666666666667,0,0
223,Studio độc đáo cho du khách ngay trung tâm Quận 1,https://www.airbnb.com.vn/rooms/997480263159439789?adults=2&search_mode=regular_search&check_in=2025-06-06&check_out=2025-06-08&children=0&infants=0&pets=0&source_impression_id=p3_1747739465_P3zkZY83ixtIirZg&previous_page_section_name=1000&federated_search_id=37d636c0-8735-4b21-9ba6-7b22b421f9aa,Success,2,1,1,"10.77226,106.68962",33,Được khách yêu thích,88,4.82,Ben,Chủ nhà siêu cấp,4.62,10000,14 nam,https://www.airbnb.com.vn/users/show/1443279,40,74.19354838709677,27.173913043478258
224,"Studio ấm cúng 23m2 - cửa sổ lớn ở trung tâm thành phố, Quận 1",https://www.airbnb.com.vn/rooms/1286977587518729373?adults=2&search_mode=regular_search&check_in=2025-05-30&check_out=2025-06-01&children=0&infants=0&pets=0&source_impression_id=p3_1747739465_P3L0igSUV3fqXxhD&previous_page_section_name=1000&federated_search_id=37d636c0-8735-4b21-9ba6-7b22b421f9aa,Success,6,1,1,"10.7694,106.6974",46,Được khách yêu thích,30,4.87,Long,Chủ nhà siêu cấp,4.83,469,6 nam,https://www.airbnb.com.vn/users/show/239554295,6.666666666666667,0,0
225,"Bright Boho Bliss Room w/ Patio|Bến Thành, Quận 1",https://www.airbnb.com.vn/rooms/1300007087581763530?adults=2&search_mode=regular_search&category_tag=Tag%3A8678&check_in=2025-06-06&check_out=2025-06-08&children=0&infants=0&pets=0&photo_id=2041332480&source_impression_id=p3_1747739465_P3Vq5IFNCFGaPKnX&previous_page_section_name=1000&federated_search_id=37d636c0-8735-4b21-9ba6-7b22b421f9aa,Success,,1,,"10.7701,106.6899",7,Được khách yêu thích,27,4.78,Hạnh,Chủ nhà siêu cấp,4.72,673,6 nam,https://www.airbnb.com.vn/users/show/235410945,23.333333333333332,0,0
226,"AustinHome#7_Cảm giác như ở nhà/bồn tắm,Netflix",https://www.airbnb.com.vn/rooms/48631423?adults=2&search_mode=regular_search&category_tag=Tag%3A8678&check_in=2025-06-06&check_out=2025-06-08&children=0&infants=0&pets=0&photo_id=1469961000&source_impression_id=p3_1747739465_P3AoKD_IfX3BeQpQ&previous_page_section_name=1000&federated_search_id=37d636c0-8735-4b21-9ba6-7b22b421f9aa,Success,,2,,"10.77117,106.68439",39,Được khách yêu thích,108,4.97,Austin & Vanessa,Chủ nhà siêu cấp,4.95,1298,7 nam,https://www.airbnb.com.vn/users/show/126966244,23.333333333333332,0,5.434782608695652
227,"Phòng đơn, giường cỡ queen, cửa sổ lớn",https://www.airbnb.com.vn/rooms/1417769339960017204?adults=2&search_mode=regular_search&category_tag=Tag%3A8678&check_in=2025-06-13&check_out=2025-06-15&children=0&infants=0&pets=0&photo_id=2170177382&source_impression_id=p3_1747739465_P3BMU9JomnB1CXWa&previous_page_section_name=1000&federated_search_id=37d636c0-8735-4b21-9ba6-7b22b421f9aa,Success,,1,,"10.7673,106.6929",9,,,,Minh Tuấn,,4.95,40,1 nam,https://www.airbnb.com.vn/users/show/551377959,46.666666666666664,6.451612903225806,5.434782608695652
228,"1 phòng ngủ Ban công LargeStudio,Thang máy, 3 phút đến BT-Market",https://www.airbnb.com.vn/rooms/1312790161868586339?adults=2&search_mode=regular_search&check_in=2025-06-06&check_out=2025-06-08&children=0&infants=0&pets=0&source_impression_id=p3_1747739465_P3N_uQuaOZ4Xvhdk&previous_page_section_name=1000&federated_search_id=37d636c0-8735-4b21-9ba6-7b22b421f9aa,Success,2,1,1,"10.7736,106.6958",38,Được khách yêu thích,33,4.91,My Hanh,Chủ nhà siêu cấp,4.93,158,1 nam,https://www.airbnb.com.vn/users/show/543053839,16.666666666666664,0,5.434782608695652
229,Phòng tập thể dục miễn phí + Vệ sinh miễn phí gần Trung tâm &Sân bay TP HCM,https://www.airbnb.com.vn/rooms/1224975081515894480?adults=2&search_mode=regular_search&category_tag=Tag%3A8678&check_in=2025-06-20&check_out=2025-06-22&children=0&infants=0&pets=0&photo_id=1977350470&source_impression_id=p3_1747739465_P3Z9l03owObwa548&previous_page_section_name=1000&federated_search_id=37d636c0-8735-4b21-9ba6-7b22b421f9aa,Success,,1,,"10.79158,106.68079",45,Được khách yêu thích,19,4.84,Annie,Chủ nhà siêu cấp,4.92,96,7 nam,https://www.airbnb.com.vn/users/show/55333590,46.666666666666664,0,0
230,Studio 2 giường tối giản đi bộ đến chợ Bến Thành,https://www.airbnb.com.vn/rooms/641007446426632973?adults=2&search_mode=regular_search&check_in=2025-06-20&check_out=2025-06-22&children=0&infants=0&pets=0&source_impression_id=p3_1747739465_P3V8R7BRQhIYBEKF&previous_page_section_name=1000&federated_search_id=37d636c0-8735-4b21-9ba6-7b22b421f9aa,Success,2,1,1,"10.7717,106.6898",34,,66,4.64,"Shell, Alice, Tee, Lyn And Aris",Chủ nhà siêu cấp,4.64,5467,9 nam,https://www.airbnb.com.vn/users/show/60005629,60,0,0
231,401 Bitexco view Airy Cosy Netflix Walking street,https://www.airbnb.com.vn/rooms/1403337156208821030?adults=2&search_mode=regular_search&category_tag=Tag%3A8678&check_in=2025-05-23&check_out=2025-05-25&children=0&infants=0&pets=0&photo_id=2149810453&source_impression_id=p3_1747739465_P3YlgqZsHwW1gZ4x&previous_page_section_name=1000&federated_search_id=37d636c0-8735-4b21-9ba6-7b22b421f9aa,Success,,1,,"10.7657,106.691",40,,9,4.67,Divyansh,Chủ nhà siêu cấp,4.79,836,6 nam,https://www.airbnb.com.vn/users/show/92779913,6.666666666666667,0,0
232,Studio tối giản cho 2 người ở trung tâm D1,https://www.airbnb.com.vn/rooms/996736233572871350?adults=2&search_mode=regular_search&check_in=2025-05-23&check_out=2025-05-25&children=0&infants=0&pets=0&source_impression_id=p3_1747739465_P3QmVv-IpDr_I0cO&previous_page_section_name=1000&federated_search_id=37d636c0-8735-4b21-9ba6-7b22b421f9aa,Success,2,1,1,"10.77191,106.68931",33,Được khách yêu thích,46,4.78,Ben,Chủ nhà siêu cấp,4.62,10000,14 nam,https://www.airbnb.com.vn/users/show/1443279,23.333333333333332,29.03225806451613,9.782608695652174
233,NU Studio D1 | Bếp ấm cúng | Đi bộ đến Bùi Viện,https://www.airbnb.com.vn/rooms/1325234359121560248?adults=2&search_mode=regular_search&check_in=2025-05-23&check_out=2025-05-25&children=0&infants=0&pets=0&source_impression_id=p3_1747739465_P34-XK8jngzyKv5B&previous_page_section_name=1000&federated_search_id=37d636c0-8735-4b21-9ba6-7b22b421f9aa,Success,2,1,1,"10.7662,106.6953",40,Được khách yêu thích,24,4.83,NU Apartment,Chủ nhà siêu cấp,4.82,768,1 nam,https://www.airbnb.com.vn/users/show/566526796,46.666666666666664,22.58064516129032,8.695652173913043
234,"P""m""P. 14 : Căn hộ Vintage Glam ở Central D1",https://www.airbnb.com.vn/rooms/925036031134372282?adults=2&search_mode=regular_search&check_in=2025-06-13&check_out=2025-06-15&children=0&infants=0&pets=0&source_impression_id=p3_1747739465_P37eGgFIvVj9RFtJ&previous_page_section_name=1000&federated_search_id=37d636c0-8735-4b21-9ba6-7b22b421f9aa,Success,2,1,1,"10.7657,106.6882",35,Được khách yêu thích,140,4.99,Anh,Chủ nhà siêu cấp,4.93,5368,8 nam,https://www.airbnb.com.vn/users/show/118444724,23.333333333333332,12.903225806451612,4.3478260869565215
235,"P""m""P. 17 : Fancy Urban studio ở trung tâm thành phố",https://www.airbnb.com.vn/rooms/926513425183420440?adults=2&search_mode=regular_search&check_in=2025-06-13&check_out=2025-06-15&children=0&infants=0&pets=0&source_impression_id=p3_1747739510_P3Wt3VGUlqW6Z8Xy&previous_page_section_name=1000&federated_search_id=4088d5eb-ba99-4756-b1c2-9cf5402b211f,Success,2,1,1,"10.7657,106.6882",32,Được khách yêu thích,155,4.95,Anh,Chủ nhà siêu cấp,4.93,5368,8 nam,https://www.airbnb.com.vn/users/show/118444724,63.33333333333333,9.677419355,9.782608695652174
236,"Căn hộ tiện nghi trung tâm quận 3 , siêu giảm giá",https://www.airbnb.com.vn/rooms/1412644412095059766?adults=2&search_mode=regular_search&category_tag=Tag%3A8678&check_in=2025-05-23&check_out=2025-05-25&children=0&infants=0&pets=0&photo_id=2160238339&source_impression_id=p3_1747739510_P31OH4J4lSnHgV_y&previous_page_section_name=1000&federated_search_id=4088d5eb-ba99-4756-b1c2-9cf5402b211f,Success,,1,,"10.78532,106.68494",35,,,,Ngân,,5,4,1 thang,https://www.airbnb.com.vn/users/show/107379884,13.333333333333334,96.77419355,32.608695652173914
237,Căn hộ lý tưởng trung tâm quận 3,https://www.airbnb.com.vn/rooms/1388978893959702741?adults=2&search_mode=regular_search&category_tag=Tag%3A8678&check_in=2025-12-05&check_out=2025-12-07&children=0&infants=0&pets=0&photo_id=2122917445&source_impression_id=p3_1747739510_P32_sIVpQjWYyM_g&previous_page_section_name=1000&federated_search_id=4088d5eb-ba99-4756-b1c2-9cf5402b211f,Success,,1,,"10.7692342,106.6789837",32,,3,5,Việt,,5,3,1 nam,https://www.airbnb.com.vn/users/show/557524859,100,100,100
238,Quận 1: Căn hộ rộng rãi (Máy chiếu*Ban công),https://www.airbnb.com.vn/rooms/1305612985651559877?adults=2&search_mode=regular_search&check_in=2025-05-23&check_out=2025-05-25&children=0&infants=0&pets=0&source_impression_id=p3_1747739510_P3A2qEwTb7WrDg9G&previous_page_section_name=1000&federated_search_id=4088d5eb-ba99-4756-b1c2-9cf5402b211f,Success,2,1,1,"10.7655,106.6898",31,Được khách yêu thích,30,4.9,Amie De Saigon,Chủ nhà siêu cấp,4.89,94,7 thang,https://www.airbnb.com.vn/users/show/658160575,30,0,0
239,Jungle Boho Retreat độc đáo | Phòng tắm thoáng mát |Bến Thành,https://www.airbnb.com.vn/rooms/1236022890675662413?adults=2&search_mode=regular_search&category_tag=Tag%3A8678&check_in=2025-06-06&check_out=2025-06-08&children=0&infants=0&pets=0&photo_id=1985481632&source_impression_id=p3_1747739510_P3Hmy5OZnrA8tpHJ&previous_page_section_name=1000&federated_search_id=4088d5eb-ba99-4756-b1c2-9cf5402b211f,Success,,1,,"10.76984,106.69045",18,Được khách yêu thích,63,4.87,Hạnh,Chủ nhà siêu cấp,4.72,673,6 nam,https://www.airbnb.com.vn/users/show/235410945,33.33333333333333,6.451612903225806,3.260869565217391
240,"2 pho ̀ ng ngu ̉ - 3WC - Hoàng Sa, quận 3, bên kênh đào",https://www.airbnb.com.vn/rooms/1404422288070486764?adults=2&search_mode=regular_search&check_in=2025-06-06&check_out=2025-06-08&children=0&infants=0&pets=0&source_impression_id=p3_1747739510_P3Nww-Mr6ygpF6dg&previous_page_section_name=1000&federated_search_id=4088d5eb-ba99-4756-b1c2-9cf5402b211f,Success,4,2,2,"10.7859,106.6818",29,Được khách yêu thích,5,5,Nana,Chủ nhà siêu cấp,4.88,184,2 nam,https://www.airbnb.com.vn/users/show/537266508,53.333333333333336,77.41935483870968,51.08695652173913
241,Phòng Boho ấm cúng rộng rãi/ 3' đến chợ Bến Thành,https://www.airbnb.com.vn/rooms/1355074316113655686?adults=2&search_mode=regular_search&category_tag=Tag%3A8678&check_in=2025-06-13&check_out=2025-06-15&children=0&infants=0&pets=0&photo_id=2090034185&source_impression_id=p3_1747739510_P3FxcVQYsoxXpAv6&previous_page_section_name=1000&federated_search_id=4088d5eb-ba99-4756-b1c2-9cf5402b211f,Success,,2,,"10.773,106.6962",25,Được khách yêu thích,10,4.9,Thanh Hy,,4.9,10,3 thang,https://www.airbnb.com.vn/users/show/678448417,36.666666666666664,16.129032258064516,7.608695652173914
242,Discount NT HOME Apartment Cao Cấp Tiện Nghi Q3,https://www.airbnb.com.vn/rooms/1302263185358907466?adults=2&search_mode=regular_search&category_tag=Tag%3A8678&check_in=2025-06-06&check_out=2025-06-08&children=0&infants=0&pets=0&photo_id=2041039094&source_impression_id=p3_1747739510_P3c5hCA8tf-IXei4&previous_page_section_name=1000&federated_search_id=4088d5eb-ba99-4756-b1c2-9cf5402b211f,Success,,1,,"10.7902595,106.6856943",59,Được khách yêu thích,7,5,Nhật,Chủ nhà siêu cấp,5,9,5 thang,https://www.airbnb.com.vn/users/show/664888826,6.666666666666667,0,0
243,Căn hộ Quận 3,https://www.airbnb.com.vn/rooms/1417501476584074991?adults=2&search_mode=regular_search&category_tag=Tag%3A8678&check_in=2025-05-23&check_out=2025-05-25&children=0&infants=0&pets=0&photo_id=2168217027&source_impression_id=p3_1747739510_P3c4DHg6hF7oNk-V&previous_page_section_name=1000&federated_search_id=4088d5eb-ba99-4756-b1c2-9cf5402b211f,Success,,1,,"10.7899,106.674",36,,,,Thi,Chủ nhà siêu cấp,4.93,14,3 thang,https://www.airbnb.com.vn/users/show/598144420,16.666666666666664,0,0
244,Khu Vườn Trên Cao |Quận 3| Tự check in,https://www.airbnb.com.vn/rooms/850960705662935988?adults=2&search_mode=regular_search&category_tag=Tag%3A8678&check_in=2025-05-30&check_out=2025-06-01&children=0&infants=0&pets=0&photo_id=1616307840&source_impression_id=p3_1747739510_P3BlvJ2UptCRQwOK&previous_page_section_name=1000&federated_search_id=4088d5eb-ba99-4756-b1c2-9cf5402b211f,Success,,1,,"10.78752,106.68681",38,,36,4.75,Trang,Chủ nhà siêu cấp,4.82,342,2 nam,https://www.airbnb.com.vn/users/show/505290025,16.666666666666664,12.903225806451612,4.3478260869565215
245,Studio 2 giường không tì vết đi bộ đến chợ Bến Thành,https://www.airbnb.com.vn/rooms/641014764038628453?adults=2&search_mode=regular_search&check_in=2025-08-01&check_out=2025-08-03&children=0&infants=0&pets=0&source_impression_id=p3_1747739510_P3p-fcC85OgJvm1Y&previous_page_section_name=1000&federated_search_id=4088d5eb-ba99-4756-b1c2-9cf5402b211f,Success,2,1,1,"10.7717,106.6898",35,Được khách yêu thích,183,4.77,"Shell, Alice, Tee, Lyn And Aris",Chủ nhà siêu cấp,4.64,5467,9 nam,https://www.airbnb.com.vn/users/show/60005629,56.666666666666664,87.09677419354838,32.608695652173914
246,M.P Q.3 (gần La Vela SG) #3.1#balcony#private W.C,https://www.airbnb.com.vn/rooms/805494468419608279?adults=2&search_mode=regular_search&category_tag=Tag%3A8678&check_in=2025-06-06&check_out=2025-06-08&children=0&infants=0&pets=0&photo_id=1566727852&source_impression_id=p3_1747739510_P3XjUeowF227yTFy&previous_page_section_name=1000&federated_search_id=4088d5eb-ba99-4756-b1c2-9cf5402b211f,Success,,1,,"10.7862,106.684",28,,109,4.76,Phương,,4.76,348,3 nam,https://www.airbnb.com.vn/users/show/484463055,40,0,0
247,"Trung tâm thành phố căn hộ siêu trung tâm, đường phố địa phương",https://www.airbnb.com.vn/rooms/1418789214283617561?adults=2&search_mode=regular_search&check_in=2025-05-23&check_out=2025-05-25&children=0&infants=0&pets=0&source_impression_id=p3_1747739510_P3LiwhBcaM7XdLP8&previous_page_section_name=1000&federated_search_id=4088d5eb-ba99-4756-b1c2-9cf5402b211f,Success,4,1,1,"10.77828,106.69278",11,,1,,Philip,,4.75,343,3 nam,https://www.airbnb.com.vn/users/show/474296978,6.666666666666667,0,0
248,Phòng Studio Ngay Chợ Bến Thành,https://www.airbnb.com.vn/rooms/927217967185353201?adults=2&search_mode=regular_search&category_tag=Tag%3A8678&check_in=2025-05-30&check_out=2025-06-01&children=0&infants=0&pets=0&photo_id=1688877182&source_impression_id=p3_1747739510_P3Pixj5Ai-Vq6qKJ&previous_page_section_name=1000&federated_search_id=4088d5eb-ba99-4756-b1c2-9cf5402b211f,Success,,1,,"10.7735,106.6956",33,,4,5,Nhân,Chủ nhà siêu cấp,4.91,33,2 nam,https://www.airbnb.com.vn/users/show/367835631,46.666666666666664,6.451612903225806,33.69565217391305
249,Phòng gần Chợ Bến Thành,https://www.airbnb.com.vn/rooms/1412318766190744088?adults=2&search_mode=regular_search&category_tag=Tag%3A8678&check_in=2025-05-23&check_out=2025-05-25&children=0&infants=0&pets=0&photo_id=2166275787&source_impression_id=p3_1747739510_P3QN5GDbXC91SRY3&previous_page_section_name=1000&federated_search_id=4088d5eb-ba99-4756-b1c2-9cf5402b211f,Success,,1,,"10.7707985,106.6893731",9,,,,Kiệt,,5,6,1 thang,https://www.airbnb.com.vn/users/show/692756096,6.666666666666667,0,0
250,"Phòng sạch sẽ, tiện lợi và ấm cúng số2 ở Quận 3",https://www.airbnb.com.vn/rooms/20920689?adults=2&search_mode=regular_search&check_in=2025-05-30&check_out=2025-06-01&children=0&infants=0&pets=0&source_impression_id=p3_1747739510_P3M5MfW8AnJHdhqC&previous_page_section_name=1000&federated_search_id=4088d5eb-ba99-4756-b1c2-9cf5402b211f,Success,2,1,1,"10.7792,106.6896",18,,117,4.88,Uyen,Chủ nhà siêu cấp,4.89,251,8 nam,https://www.airbnb.com.vn/users/show/141058235,30,41.935483870967744,14.130434782608695
251,Niềm vui gấp đôi ở trung tâm Sài Gòn,https://www.airbnb.com.vn/rooms/27353713?adults=2&search_mode=regular_search&category_tag=Tag%3A8678&check_in=2025-07-04&check_out=2025-07-06&children=0&infants=0&pets=0&photo_id=549773724&source_impression_id=p3_1747739510_P31n8Qa7Swq6kaNW&previous_page_section_name=1000&federated_search_id=4088d5eb-ba99-4756-b1c2-9cf5402b211f,Success,,2,,"10.77214,106.68411",24,,8,4.88,Nhien,Chủ nhà siêu cấp,4.81,690,11 nam,https://www.airbnb.com.vn/users/show/8969793,100,3.225806451612903,1.0869565217391304
252,Chú ý! Kỳ nghỉ Sài Gòn đáng yêu của bạn - NT203,https://www.airbnb.com.vn/rooms/1257674903411783388?adults=2&search_mode=regular_search&check_in=2025-05-30&check_out=2025-06-01&children=0&infants=0&pets=0&source_impression_id=p3_1747739510_P3lzcZ1D7pMrSSas&previous_page_section_name=1000&federated_search_id=4088d5eb-ba99-4756-b1c2-9cf5402b211f,Success,2,1,1,"10.7697,106.6902",34,Được khách yêu thích,13,5,Nghiem,,4.51,4698,8 nam,https://www.airbnb.com.vn/users/show/49091460,6.666666666666667,6.451612903225806,3.260869565217391
253,Chú ý! Kỳ nghỉ Sài Gòn đáng yêu của bạn - NT203,https://www.airbnb.com.vn/rooms/1257674903411783388?adults=2&search_mode=regular_search&check_in=2025-05-30&check_out=2025-06-01&children=0&infants=0&pets=0&source_impression_id=p3_1747739554_P3ftawkX9YN3IgRq&previous_page_section_name=1000&federated_search_id=c3b2ad57-1db2-49b2-88b6-4c695e10931c,Success,2,1,1,"10.7697,106.6902",34,Được khách yêu thích,13,5,Nghiem,,4.51,4698,8 nam,https://www.airbnb.com.vn/users/show/49091460,6.666666666666667,6.451612903225806,3.260869565217391
254,Vị trí hoàn hảo | Trung tâm thành phố,https://www.airbnb.com.vn/rooms/1356572261394617211?adults=2&search_mode=regular_search&category_tag=Tag%3A8678&check_in=2025-05-30&check_out=2025-06-01&children=0&infants=0&pets=0&photo_id=2089589315&source_impression_id=p3_1747739554_P31sGYWOe0GE4zOs&previous_page_section_name=1000&federated_search_id=c3b2ad57-1db2-49b2-88b6-4c695e10931c,Success,2,1,1,"10.7906,106.6885",27,Được khách yêu thích,15,5,Marty Nguyen,Chủ nhà siêu cấp,4.97,32,3 thang,https://www.airbnb.com.vn/users/show/668542324,46.666666666666664,0,0
255,Phòng ấm cúng hiện đại ngay trung tâm quận 1,https://www.airbnb.com.vn/rooms/1188048155349315217?adults=2&search_mode=regular_search&category_tag=Tag%3A8678&check_in=2025-05-30&check_out=2025-06-01&children=0&infants=0&pets=0&photo_id=1990918267&source_impression_id=p3_1747739554_P3mjoFCadpkP_WsB&previous_page_section_name=1000&federated_search_id=c3b2ad57-1db2-49b2-88b6-4c695e10931c,Success,,1,,"10.7886,106.6966",45,,18,4.83,November House,Chủ nhà siêu cấp,4.75,36,11 thang,https://www.airbnb.com.vn/users/show/585992074,6.666666666666667,0,0
256,Studio ngắm cảnh ở Bến Thành tầng 4,https://www.airbnb.com.vn/rooms/1174584908852339127?adults=2&search_mode=regular_search&category_tag=Tag%3A8678&check_in=2025-05-23&check_out=2025-05-25&children=0&infants=0&pets=0&photo_id=1925713148&source_impression_id=p3_1747739554_P3wwG6DXifOAJn_l&previous_page_section_name=1000&federated_search_id=c3b2ad57-1db2-49b2-88b6-4c695e10931c,Success,,1,,"10.77208,106.69391",35,,45,4.8,Elise,Chủ nhà siêu cấp,4.82,190,7 nam,https://www.airbnb.com.vn/users/show/126773361,10,0,0
257,"FL3_Phòng ấm cúng đầy đủ nội thất tại Đakao, Quận 1",https://www.airbnb.com.vn/rooms/1364895229836425989?adults=2&search_mode=regular_search&category_tag=Tag%3A8678&check_in=2025-05-23&check_out=2025-05-25&children=0&infants=0&pets=0&photo_id=2096841203&source_impression_id=p3_1747739554_P3728a2yTJtrAJ6I&previous_page_section_name=1000&federated_search_id=c3b2ad57-1db2-49b2-88b6-4c695e10931c,Success,,1,,"10.7886,106.6967",45,,,,November House,Chủ nhà siêu cấp,4.75,36,11 thang,https://www.airbnb.com.vn/users/show/585992074,16.666666666666664,0,0
258,2#D3 Căn hộ trung tâm 1 phòng ngủ và thang máy,https://www.airbnb.com.vn/rooms/1388812260574649710?adults=2&search_mode=regular_search&check_in=2025-05-23&check_out=2025-05-25&children=0&infants=0&pets=0&source_impression_id=p3_1747739554_P30_L1poydH4E7PW&previous_page_section_name=1000&federated_search_id=c3b2ad57-1db2-49b2-88b6-4c695e10931c,Success,2,1,1,"10.7836,106.6961",37,Được khách yêu thích,5,5,Pham,,4.93,15,1 thang,https://www.airbnb.com.vn/users/show/211013962,56.666666666666664,0,0
259,"Studio 45 m2, ấm cúng và yên bình tại Bùi Viện | D1",https://www.airbnb.com.vn/rooms/714009285662936027?adults=2&search_mode=regular_search&check_in=2025-06-13&check_out=2025-06-15&children=0&infants=0&pets=0&source_impression_id=p3_1747739554_P3xjVKOx1VrF2q0A&previous_page_section_name=1000&federated_search_id=c3b2ad57-1db2-49b2-88b6-4c695e10931c,Success,2,1,1,"10.76608,106.69132",35,Được khách yêu thích,117,4.84,Tram,Chủ nhà siêu cấp,4.87,303,3 nam,https://www.airbnb.com.vn/users/show/476183374,66.66666666666666,12.903225806451612,4.3478260869565215
260,Căn hộ 35 m2 Quận 3,https://www.airbnb.com.vn/rooms/1256106799820060414?adults=2&search_mode=regular_search&check_in=2025-06-06&check_out=2025-06-08&children=0&infants=0&pets=0&source_impression_id=p3_1747739554_P3YdyPcfjQu-HV_k&previous_page_section_name=1000&federated_search_id=c3b2ad57-1db2-49b2-88b6-4c695e10931c,Success,2,1,1,"10.78553,106.6916",47,Được khách yêu thích,6,4.83,Tronibi,Chủ nhà siêu cấp,4.77,106,2 nam,https://www.airbnb.com.vn/users/show/507750176,40,0,0
261,"@S3 Kitchen & Laundry miễn phí, Center City, Cozy Apt",https://www.airbnb.com.vn/rooms/1405416475615308730?adults=2&search_mode=regular_search&check_in=2025-08-01&check_out=2025-08-03&children=0&infants=0&pets=0&source_impression_id=p3_1747739554_P31xlLd3I-nsqTcm&previous_page_section_name=1000&federated_search_id=c3b2ad57-1db2-49b2-88b6-4c695e10931c,Success,3,1,1,"10.7721,106.6875",30,,,,CR Concept,Chủ nhà siêu cấp,4.97,89,2 nam,https://www.airbnb.com.vn/users/show/536880559,100,96.77419355,32.608695652173914
262,Hoàn toàn mới - Trung tâm 2 phòng ngủ Retreat cho du khách ở D3,https://www.airbnb.com.vn/rooms/716964443506682847?adults=2&search_mode=regular_search&check_in=2025-06-27&check_out=2025-06-29&children=0&infants=0&pets=0&source_impression_id=p3_1747739554_P3oktoHWB78Q05va&previous_page_section_name=1000&federated_search_id=c3b2ad57-1db2-49b2-88b6-4c695e10931c,Success,4,2,2,"10.78919,106.68638",34,Được khách yêu thích,134,4.87,Ben,Chủ nhà siêu cấp,4.62,10000,14 nam,https://www.airbnb.com.vn/users/show/1443279,73.33333333333333,6.451612903225806,2.1739130434782608
263,Tranquil Room-btw airport&D1-Netflix-Free W/D,https://www.airbnb.com.vn/rooms/1396923500881175656?adults=2&search_mode=regular_search&category_tag=Tag%3A8678&check_in=2025-05-30&check_out=2025-06-01&children=0&infants=0&pets=0&photo_id=2135148133&source_impression_id=p3_1747739554_P3rHn583kGcdw6n0&previous_page_section_name=1000&federated_search_id=c3b2ad57-1db2-49b2-88b6-4c695e10931c,Success,,1,,"10.7914509,106.6754331",42,,5,4.8,Duhaus,,4.93,14,1 thang,https://www.airbnb.com.vn/users/show/688139621,10,0,0
264,Căn hộ studio riêng gần chợ Bến Thành - tầng 5,https://www.airbnb.com.vn/rooms/1135841987911977436?adults=2&search_mode=regular_search&check_in=2025-05-23&check_out=2025-05-25&children=0&infants=0&pets=0&source_impression_id=p3_1747739554_P3coqw9vxlh-coS6&previous_page_section_name=1000&federated_search_id=c3b2ad57-1db2-49b2-88b6-4c695e10931c,Success,2,1,1,"10.7712,106.6928",43,Được khách yêu thích,49,4.8,Elise,Chủ nhà siêu cấp,4.82,190,7 nam,https://www.airbnb.com.vn/users/show/126773361,36.666666666666664,0,0
265,Sài Gòn Studio gần đường Buivien | Em's Home 6,https://www.airbnb.com.vn/rooms/1414613317481978797?adults=2&search_mode=regular_search&check_in=2025-05-23&check_out=2025-05-25&children=0&infants=0&pets=0&source_impression_id=p3_1747739554_P3MlP3kSERVBJQ1y&previous_page_section_name=1000&federated_search_id=c3b2ad57-1db2-49b2-88b6-4c695e10931c,Success,2,1,1,"10.7668487,106.6879817",33,,1,,Thy,Chủ nhà siêu cấp,4.99,212,9 thang,https://www.airbnb.com.vn/users/show/473383571,13.333333333333334,0,0
266,CAMP Dakao | Sontag 's Studio (có phòng tắm riêng),https://www.airbnb.com.vn/rooms/25170552?adults=2&search_mode=regular_search&category_tag=Tag%3A8678&check_in=2026-01-02&check_out=2026-01-04&children=0&infants=0&pets=0&photo_id=498828844&source_impression_id=p3_1747739554_P3unydMfwJvmY1q4&previous_page_section_name=1000&federated_search_id=c3b2ad57-1db2-49b2-88b6-4c695e10931c,Success,,1,,"10.78776,106.69754",33,Được khách yêu thích,78,4.94,Hoang Viet,Bắt đầu đón tiếp khách từ năm 2018,,,,,0,0,0
267,DT302_Căn hộ Dịch vụ đầy đủ tại Gần Bùi Viện/Bến Thành,https://www.airbnb.com.vn/rooms/706093310434693131?adults=2&search_mode=regular_search&check_in=2025-06-13&check_out=2025-06-15&children=0&infants=0&pets=0&source_impression_id=p3_1747739554_P3BxpbAEyoWoiQgu&previous_page_section_name=1000&federated_search_id=c3b2ad57-1db2-49b2-88b6-4c695e10931c,Success,2,1,1,"10.76652,106.69419",49,,80,4.69,Mr KIM,,4.66,1820,5 nam,https://www.airbnb.com.vn/users/show/337885136,36.666666666666664,12.903225806451612,7.608695652173914
268,Taibo House 013,https://www.airbnb.com.vn/rooms/1380330236055573392?adults=2&search_mode=regular_search&category_tag=Tag%3A8678&check_in=2025-06-06&check_out=2025-06-08&children=0&infants=0&pets=0&photo_id=2111032017&source_impression_id=p3_1747739554_P3q11NKvGN-oClWQ&previous_page_section_name=1000&federated_search_id=c3b2ad57-1db2-49b2-88b6-4c695e10931c,Success,,1,,"10.7733877,106.6955866",8,,,,Tài,,4.68,254,1 nam,https://www.airbnb.com.vn/users/show/544961443,40,12.903225806451612,7.608695652173914
269,Căn hộ studio ở trung tâm,https://www.airbnb.com.vn/rooms/1414293085601662961?adults=2&search_mode=regular_search&category_tag=Tag%3A8678&check_in=2025-07-11&check_out=2025-07-13&children=0&infants=0&pets=0&photo_id=2162582310&source_impression_id=p3_1747739554_P3LQGmZ8j0h2bmRj&previous_page_section_name=1000&federated_search_id=c3b2ad57-1db2-49b2-88b6-4c695e10931c,Success,,1,,"10.77234,106.6929517",12,,,,Nguyen,,5,1,,https://www.airbnb.com.vn/users/show/693814081,100,12.903225806451612,4.3478260869565215
270,Studio ẤM CÚNG ở trung tâm thành phố cho 3 người với WiFi nhanh,https://www.airbnb.com.vn/rooms/1292533149606671617?adults=2&search_mode=regular_search&check_in=2025-06-13&check_out=2025-06-15&children=0&infants=0&pets=0&source_impression_id=p3_1747739554_P3IhDAk1LnIso2Vy&previous_page_section_name=1000&federated_search_id=c3b2ad57-1db2-49b2-88b6-4c695e10931c,Success,3,2,1,"10.7761,106.6914",43,Được khách yêu thích,14,4.86,Yung,Chủ nhà siêu cấp,4.86,1747,11 nam,https://www.airbnb.com.vn/users/show/17530851,56.666666666666664,0,1.0869565217391304
